date,bill no.,GST No.,amount,supplierName
01/04/23,03,33aabfs8116n1zo,1519.00,SWAMY AGENCIES
01/04/23,03,33aajfb6101c1z7,2158.00,biomaxx life science trichy-6200
01/04/23,242354,33agmpb1605q1zf,2178.00,SARVA SREE SARADHAA
01/04/23,441,33483443473,2324.00,RAMAKRISHNA MEDICAL
01/04/23,263,33AAMPK3195N1Z7,777.00,MEENA MEDICAL AGENCI
01/04/23,395,33aadfa4756c1zx,713.00,ALAGAPPA MEDICAL AGE
02/04/23,97,33acefs8806j1zw,2655.00,SHREE MEENAKSHI DIST TRICHY
02/04/23,77427,33aaxfs5861n1z8,128.00,SRI LAKSHMI PHARMA
02/04/23,164110,33aabfs0471q1zo,397.00,SHRI BHALAJI PHARMAC TRICHY
02/04/23,164191,33aabfs0471q1zo,592.00,SHRI BHALAJI PHARMAC TRICHY
03/04/23,286,33aihpr9578f1zq,385.00,SRI KRISHNA MEDICALS
03/04/23,2052,,659.00,bg pharma     trichy  33adaph0049
04/04/23,173,33aaepb1524a1zu,1122.00,V.V. MEDICAL AGENCIE
04/04/23,27,33abjfs8192f1zv,2292.00,S.V.S. PHARMACEUTICA
04/04/23,121,33aadfa4756c1zx,914.00,ALAGAPPA MEDICAL AGE
04/04/23,237,33aahfs9255j1zs,1372.00,S.RM PHARMACEUTICALS
06/04/23,209,33AAMPK3195N6Z2,700.00,SHRI MEENA AGENCIES TRICHY-18
06/04/23,248,33CFTPS6729E1ZX,2894.00,ELITE ENTERPRISES TRICHY
07/04/23,831,33aaepb1524a1zu,1845.00,V.V. MEDICAL AGENCIE
07/04/23,517,33483443473,1628.00,RAMAKRISHNA MEDICAL
07/04/23,379,33CFTPS6729E1ZX,605.00,ELITE ENTERPRISES TRICHY
07/04/23,720,33AKWPK931F,1965.00,AKS AGENCIES
07/04/23,CR684,33aaffm0312g1zz,1449.00,MEENAKSHI PHARMA
08/04/23,15,33aajfb6101c1z7,1480.00,biomaxx life science trichy-6200
08/04/23,4945,33aaifb3746l1zc,758.00,BHARATH AGENCIES
10/04/23,992,33aaepb1524a1zu,2838.00,V.V. MEDICAL AGENCIE
10/04/23,1406,33aihpr9578f1zq,2166.00,SRI KRISHNA MEDICALS
10/04/23,391,33aadfa4756c1zx,1219.00,ALAGAPPA MEDICAL AGE
10/04/23,0001,TN-09-00613,2024.00,DOCTOR GOD HEALTH CA
10/04/23,005,TN-09-00613,1298.00,DOCTOR GOD HEALTH CA
10/04/23,445,33acxfs6700n1zg,283.00,STERLING AGENCIES
10/04/23,458,33acxfs6700n1zg,162.00,STERLING AGENCIES
10/04/23,342,33AAMPK3195N6Z2,528.00,SHRI MEENA AGENCIES TRICHY-18
10/04/23,437,33AAMPK3195N1Z7,328.00,MEENA MEDICAL AGENCI
10/04/23,428,33AAMPK3195N1Z7,84.00,MEENA MEDICAL AGENCI
10/04/23,59859,3364344484,333.00,SREE AMMAN PHARMA TRICHY
11/04/23,1285,33aaepb1524a1zu,1844.00,V.V. MEDICAL AGENCIE
11/04/23,1163,33aaepb1524a1zu,643.00,V.V. MEDICAL AGENCIE
11/04/23,31395,33aaffr8144k1zz,1282.00,RAJALAXMI PHARMACEUT
11/04/23,410,33aagpr5611q1zb,678.00,RENGANATHA PHARMACEU
11/04/23,291,33abjfs8192f1zv,1369.00,S.V.S. PHARMACEUTICA
11/04/23,61,33aabfs8116n1zo,1009.00,SWAMY AGENCIES
11/04/23,695,33acefs8806j1zw,2585.00,SHREE MEENAKSHI DIST TRICHY
13/04/23,CR1314,33aaffm0312g1zz,1280.00,MEENAKSHI PHARMA
13/04/23,CR1322,33aaffm0312g1zz,470.00,MEENAKSHI PHARMA
13/04/23,578,33CFTPS6729E1ZX,2495.00,ELITE ENTERPRISES TRICHY
13/04/23,512,33CFTPS6729E1ZX,2232.00,ELITE ENTERPRISES TRICHY
13/04/23,589,33CFTPS6729E1ZX,980.00,ELITE ENTERPRISES TRICHY
13/04/23,1203,,356.00,AKS AGENCIES
13/04/23,536,33aadfa4756c1zx,1367.00,ALAGAPPA MEDICAL AGE
13/04/23,897,33acefs8806j1zw,1203.00,SHREE MEENAKSHI DIST TRICHY
13/04/23,1851,33aaafj2236k1zn,774.00,JAYALAKSHMI AGENCIES TRICHY
13/04/23,1838,33aihpr9578f1zq,534.00,SRI KRISHNA MEDICALS
13/04/23,600,33acxfs6700n1zg,532.00,STERLING AGENCIES
13/04/23,465,33AAMPK3195N6Z2,552.00,SHRI MEENA AGENCIES TRICHY-18
14/04/23,30,33aajfb6101c1z7,4972.00,biomaxx life science trichy-6200
15/04/23,8168,33aafpr9119l2za,556.00,SANTHI PHARMACEUTICA
15/04/23,CR1569,33aaffm0312g1zz,799.00,MEENAKSHI PHARMA
15/04/23,244003,33agmpb1605q1zf,602.00,SARVA SREE SARADHAA
17/04/23,52991,33AFIPC0227Q1ZK,912.00,VACXINE CARE  TRICHY-18
17/04/23,2047,33aaepb1524a1zu,1375.00,V.V. MEDICAL AGENCIE
17/04/23,675,33aadfa4756c1zx,514.00,ALAGAPPA MEDICAL AGE
17/04/23,734,33acxfs6700n1zg,981.00,STERLING AGENCIES
17/04/23,6,TN-09-00613,1375.00,DOCTOR GOD HEALTH CA
18/04/23,92,33aabfs8116n1zo,957.00,SWAMY AGENCIES
18/04/23,31544,33aaffr8144k1zz,678.00,RAJALAXMI PHARMACEUT
18/04/23,1122,33aahfs9255j1zs,696.00,S.RM PHARMACEUTICALS
18/04/23,100,33aabfs8116n1zo,936.00,SWAMY AGENCIES
18/04/23,518,33abjfs8192f1zv,666.00,S.V.S. PHARMACEUTICA
19/04/23,847,33CFTPS6729E1ZX,540.00,ELITE ENTERPRISES TRICHY
20/04/23,1332,33acefs8806j1zw,1392.00,SHREE MEENAKSHI DIST TRICHY
20/04/23,1479,33483443473,1454.00,RAMAKRISHNA MEDICAL
20/04/23,705,33AAMPK3195N6Z2,449.00,SHRI MEENA AGENCIES TRICHY-18
21/04/23,277,33EANPS1297A1ZM,860.00,ROYAL PHARMA  TRICHY-6
21/04/23,53125,33AFIPC0227Q1ZK,853.00,VACXINE CARE  TRICHY-18
21/04/23,53119,33AFIPC0227Q1ZK,912.00,VACXINE CARE  TRICHY-18
21/04/23,26221,33AGZPR2775C1ZY,592.00,V.R.MEDICAL AGENCIES TRICHY-18
21/04/23,40,33aajfb6101c1z7,1413.00,biomaxx life science trichy-6200
21/04/23,748,33aagpr5611q1zb,848.00,RENGANATHA PHARMACEU
21/04/23,CR2170,33aaffm0312g1zz,2184.00,MEENAKSHI PHARMA
22/04/23,5112,33aaifb3746l1zc,1110.00,BHARATH AGENCIES
24/04/23,1011,33CFTPS6729E1ZX,2495.00,ELITE ENTERPRISES TRICHY
24/04/23,2882,33aaepb1524a1zu,2491.00,V.V. MEDICAL AGENCIE
24/04/23,1095,33cftps6729e1zx,1386.00,ELITE ENTERPRISES TIRUCHIRAPA
24/04/23,3314,33aihpr9578f1zq,1132.00,SRI KRISHNA MEDICALS
24/04/23,983,33AAMPK3195N1Z7,542.00,MEENA MEDICAL AGENCI
24/04/23,815,33AAMPK3195N6Z2,308.00,SHRI MEENA AGENCIES TRICHY-18
26/04/23,CR2594,33aaffm0312g1zz,880.00,MEENAKSHI PHARMA
27/04/23,1751,33acefs8806j1zw,2764.00,SHREE MEENAKSHI DIST TRICHY
27/04/23,3255,33aaepb1524a1zu,1859.00,V.V. MEDICAL AGENCIE
27/04/23,JJGST2302032,33bgxps8171e1zs,1001.00,MAANOJ AGENCIES TRICHY
28/04/23,1127,33aahfs9354gizz,1838.00,SELVANANDA PHARMACEU
28/04/23,947,33AAMPK3195N6Z2,774.00,SHRI MEENA AGENCIES TRICHY-18
28/04/23,CR2836,33aaffm0312g1zz,840.00,MEENAKSHI PHARMA
28/04/23,973,33aagpr5611q1zb,848.00,RENGANATHA PHARMACEU
01/05/23,2405,33aihpr9578f1zq,1178.00,SRI KRISHNA MEDICALS
01/05/23,1220,33aadfa4756c1zx,988.00,ALAGAPPA MEDICAL AGE
01/05/23,1055,33AAMPK3195N6Z2,295.00,SHRI MEENA AGENCIES TRICHY-18
01/05/23,1259,33AAMPK3195NIZ7,448.00,MEENA MEDICAL AGENCI TRICHY 18
01/05/23,053,33aajfb6101c1z7,1306.00,biomaxx life science trichy-6200
02/05/23,31891,33aaffr8144k1zz,1273.00,RAJALAXMI PHARMACEUT
02/05/23,1103,33aagpr5611q1zb,1373.00,RENGANATHA PHARMACEU
02/05/23,186,33aabfs8116n1zo,1531.00,SWAMY AGENCIES
02/05/23,4400,33aihpr9578f1zq,377.00,SRI KRISHNA MEDICALS
02/05/23,CR3302,33aaffm0312g1zz,4264.00,MEENAKSHI PHARMA
03/05/23,143,33436288365,776.00,SSRI SOWMYA NARAYANA UTHAMARKOIL
03/05/23,1907,33aahfs9255j1zs,992.00,S.RM PHARMACEUTICALS
03/05/23,245820,33agmpb1605q1zf,2763.00,SARVA SREE SARADHAA
03/05/23,cr3422,33aaffm0312g1zz,1147.00,MEENAKSHI PHARMA
04/05/23,4056,33aaepb1524a1zu,618.00,V.V. MEDICAL AGENCIE
04/05/23,1209,33AAMPK3195N6Z2,1138.00,SHRI MEENA AGENCIES TRICHY-18
05/05/23,1604,33CFTPS6729E1ZX,1567.00,ELITE ENTERPRISES TRICHY
05/05/23,CR3529,33aaffm0312g1zz,831.00,MEENAKSHI PHARMA
06/05/23,5279,33aaifb3746l1zc,766.00,BHARATH AGENCIES
08/05/23,4371,33aaepb1524a1zu,517.00,V.V. MEDICAL AGENCIE
08/05/23,1492,33aadfa4756c1zx,992.00,ALAGAPPA MEDICAL AGE
08/05/23,1573,33AAMPK3195NIZ7,949.00,MEENA MEDICAL AGENCI TRICHY 18
08/05/23,4510,33aaepb1524a1zu,2987.00,V.V. MEDICAL AGENCIE
08/05/23,2462,33acefs8806j1zw,910.00,SHREE MEENAKSHI DIST TRICHY
08/05/23,62005,3364344484,403.00,SREE AMMAN PHARMA TRICHY
09/05/23,CR4822,33883440537,956.00,SRI KARRBAGA PHARMA TRICHY-18
09/05/23,CR4825,33883440537,526.00,SRI KARRBAGA PHARMA TRICHY-18
09/05/23,1367,33AAMPK3195N6Z2,769.00,SHRI MEENA AGENCIES TRICHY-18
09/05/23,32157,33aaffr8144k1zz,621.00,RAJALAXMI PHARMACEUT
09/05/23,2334,33aahfs9255j1zs,627.00,S.RM PHARMACEUTICALS
09/05/23,1358,33aagpr5611q1zb,1163.00,RENGANATHA PHARMACEU
09/05/23,1368,33aagpr5611q1zb,539.00,RENGANATHA PHARMACEU
09/05/23,1145,33abjfs8192f1zv,696.00,S.V.S. PHARMACEUTICA
09/05/23,231,33aabfs8116n1zo,578.00,SWAMY AGENCIES
10/05/23,5325,33aaifb3746l1zc,1359.00,BHARATH AGENCIES
11/05/23,3578,,747.00,AKS AGENCIES          33AKWPK931F
11/05/23,1968,33CFTPS6729E1ZX,333.00,ELITE ENTERPRISES TRICHY
11/05/23,1980,33CFTPS6729E1ZX,194.00,ELITE ENTERPRISES TRICHY
11/05/23,1776,33acxfs6700n1zg,1097.00,STERLING AGENCIES
11/05/23,2735,33acefs8806j1zw,598.00,SHREE MEENAKSHI DIST TRICHY
11/05/23,2715,33acefs8806j1zw,1120.00,SHREE MEENAKSHI DIST TRICHY
12/05/23,1473,33aagpr5611q1zb,410.00,RENGANATHA PHARMACEU
12/05/23,7959,33ACLPT8701,2849.00,MEDIZONE SPECIALITY TRICHY
15/05/23,2181,33adaph0049,1326.00,bg pharma     trichy
15/05/23,2134,33CFTPS6729E1ZX,2495.00,ELITE ENTERPRISES TRICHY
15/05/23,87,33CPTPM4822C1ZW,1512.00,SRI VAYALURAN PHARMA TRICHY-17
15/05/23,1753,33aadfa4756c1zx,1104.00,ALAGAPPA MEDICAL AGE
15/05/23,5411,33aaepb1524a1zu,1725.00,V.V. MEDICAL AGENCIE
15/05/23,6453,33aihpr9578f1zq,809.00,SRI KRISHNA MEDICALS
15/05/23,1928,33acxfs6700n1zg,816.00,STERLING AGENCIES
15/05/23,1871,33AAMPK3195NIZ7,618.00,MEENA MEDICAL AGENCI TRICHY 18
16/05/23,70,33aajfb6101c1z7,1709.00,biomaxx life science trichy-6200
16/05/23,62598,3364344484,647.00,SREE AMMAN PHARMA TRICHY
16/05/23,67,,380.00,alwin pharmaceutical
16/05/23,1603,33aagpr5611q1zb,848.00,RENGANATHA PHARMACEU
16/05/23,282,33aabfs8116n1zo,694.00,SWAMY AGENCIES
18/05/23,5874,33aaepb1524a1zu,3016.00,V.V. MEDICAL AGENCIE
18/05/23,2313,33CFTPS6729E1ZX,1716.00,ELITE ENTERPRISES TRICHY
18/05/23,3165,33acefs8806j1zw,566.00,SHREE MEENAKSHI DIST TRICHY
18/05/23,1694,33AAMPK3195N6Z2,807.00,SHRI MEENA AGENCIES TRICHY-18
18/05/23,1357,33anfpr8456a1z3,720.00,SRI MOORTHY AGENCIES
19/05/23,26583,33AGZPR2775C1ZY,840.00,V.R.MEDICAL AGENCIES TRICHY-18
19/05/23,2353,33CFTPS6729E1ZX,2495.00,ELITE ENTERPRISES TRICHY
19/05/23,1714,33aagpr5611q1zb,385.00,RENGANATHA PHARMACEU
20/05/23,1749,33AAMPK3195N6Z2,1079.00,SHRI MEENA AGENCIES TRICHY-18
20/05/23,70506,33anepg2206r1z2,1147.00,murali agencies trichy
22/05/23,54084,33AFIPC0227Q1ZK,966.00,VACXINE CARE  TRICHY-18
22/05/23,7369,33aihpr9578f1zq,1305.00,SRI KRISHNA MEDICALS
22/05/23,2103,33AAMPK3195NIZ7,1176.00,MEENA MEDICAL AGENCI TRICHY 18
22/05/23,3378,33acefs8806j1zw,4322.00,SHREE MEENAKSHI DIST TRICHY
23/05/23,6232,33aaepb1524a1zu,1078.00,V.V. MEDICAL AGENCIE
23/05/23,1815,33aagpr5611q1zb,1353.00,RENGANATHA PHARMACEU
23/05/23,324,33aabfs8116n1zo,847.00,SWAMY AGENCIES
23/05/23,32455,33aaffr8144k1zz,1050.00,RAJALAXMI PHARMACEUT
24/05/23,2476,33CFTPS6729E1ZX,1045.00,ELITE ENTERPRISES TRICHY
24/05/23,CR5456,33aaffm0312g1zz,5869.00,MEENAKSHI PHARMA
24/05/23,0085,33aajfb6101c1z7,3265.00,biomaxx life science trichy-6200
25/05/23,6568,33aaepb1524a1zu,425.00,V.V. MEDICAL AGENCIE
25/05/23,6598,33aaepb1524a1zu,940.00,V.V. MEDICAL AGENCIE
25/05/23,3811,33483443473,1454.00,RAMAKRISHNA MEDICAL
25/05/23,2622,33CFTPS6729E1ZX,2928.00,ELITE ENTERPRISES TRICHY
25/05/23,3614,33acefs8806j1zw,1923.00,SHREE MEENAKSHI DIST TRICHY
26/05/23,CR5621,33aaffm0312g1zz,520.00,MEENAKSHI PHARMA
26/05/23,1919,33aagpr5611q1zb,848.00,RENGANATHA PHARMACEU
26/05/23,1914,33aagpr5611q1zb,361.00,RENGANATHA PHARMACEU
29/05/23,8241,33aihpr9578f1zq,1794.00,SRI KRISHNA MEDICALS
29/05/23,54283,33AFIPC0227Q1ZK,1326.00,VACXINE CARE  TRICHY-18
29/05/23,7007,33aaepb1524a1zu,374.00,V.V. MEDICAL AGENCIE
30/05/23,354,33aabfs8116n1zo,1826.00,SWAMY AGENCIES
30/05/23,362,33aabfs8116n1zo,693.00,SWAMY AGENCIES
30/05/23,4129,,577.00,RAMAKRISHNA MEDICAL   33483443473
30/05/23,0095,33aajfb6101c1z7,1735.00,biomaxx life science trichy-6200
30/05/23,2520,33acxfs6700n1zg,1222.00,STERLING AGENCIES
30/05/23,2415,33AAMPK3195NIZ7,509.00,MEENA MEDICAL AGENCI TRICHY 18
30/05/23,32706,33aaffr8144k1zz,1335.00,RAJALAXMI PHARMACEUT
30/05/23,2833,33CFTPS6729E1ZX,1610.00,ELITE ENTERPRISES TRICHY
30/05/23,3508,33aahfs9255j1zs,679.00,S.RM PHARMACEUTICALS
30/05/23,365,33aabfs8116n1zo,640.00,SWAMY AGENCIES
30/05/23,cr6062,33aaffm0312g1zz,475.00,MEENAKSHI PHARMA
30/05/23,1737,33abjfs8192f1zv,2984.00,S.V.S. PHARMACEUTICA
31/05/23,2627,33aahfs9354gizz,1838.00,SELVANANDA PHARMACEU
31/05/23,114,33CPTPM4822C1ZW,599.00,SRI VAYALURAN PHARMA TRICHY-17
01/06/23,7355,33aaepb1524a1zu,1171.00,V.V. MEDICAL AGENCIE
01/06/23,2955,33CFTPS6729E1ZX,417.00,ELITE ENTERPRISES TRICHY
01/06/23,7368,33aaepb1524a1zu,677.00,V.V. MEDICAL AGENCIE
01/06/23,2157,33AAMPK3195N6Z2,449.00,SHRI MEENA AGENCIES TRICHY-18
02/06/23,0013,TN-09-00613,1298.00,DOCTOR GOD HEALTH CA
03/06/23,2998,33CFTPS6729E1ZX,1418.00,ELITE ENTERPRISES TRICHY
03/06/23,2164,33aagpr5611q1zb,1152.00,RENGANATHA PHARMACEU
05/06/23,54511,33AFIPC0227Q1ZK,456.00,VACXINE CARE  TRICHY-18
05/06/23,187,33436288365,776.00,SSRI SOWMYA NARAYANA UTHAMARKOIL
05/06/23,2541,33aadfa4756c1zx,1012.00,ALAGAPPA MEDICAL AGE
05/06/23,9251,33aihpr9578f1zq,1154.00,SRI KRISHNA MEDICALS
05/06/23,7834,33aaepb1524a1zu,2842.00,V.V. MEDICAL AGENCIE
06/06/23,2691,33AAMPK3195NIZ7,848.00,MEENA MEDICAL AGENCI TRICHY 18
06/06/23,32971,33aaffr8144k1zz,1272.00,RAJALAXMI PHARMACEUT
07/06/23,423,33aabfs8116n1zo,1283.00,SWAMY AGENCIES
07/06/23,250137,33agmpb1605q1zf,1120.00,SARVA SREE SARADHAA
08/06/23,64333,3364344484,571.00,SREE AMMAN PHARMA TRICHY
08/06/23,4604,33acefs8806j1zw,4213.00,SHREE MEENAKSHI DIST TRICHY
08/06/23,3301,33CFTPS6729E1ZX,3742.00,ELITE ENTERPRISES TRICHY
08/06/23,3311,33CFTPS6729E1ZX,2480.00,ELITE ENTERPRISES TRICHY
08/06/23,4753,,945.00,RAMAKRISHNA MEDICAL   33483443473
08/06/23,107,33aajfb6101c1z7,2975.00,biomaxx life science trichy-6200
08/06/23,8310,33aaepb1524a1zu,2328.00,V.V. MEDICAL AGENCIE
08/06/23,2857,33AAMPK3195NIZ7,1125.00,MEENA MEDICAL AGENCI TRICHY 18
09/06/23,54670,33AFIPC0227Q1ZK,378.00,VACXINE CARE  TRICHY-18
09/06/23,2453,33aagpr5611q1zb,907.00,RENGANATHA PHARMACEU
10/06/23,2495,33AAMPK3195N6Z2,1079.00,SHRI MEENA AGENCIES TRICHY-18
10/06/23,2930,33AAMPK3195NIZ7,166.00,MEENA MEDICAL AGENCI TRICHY 18
12/06/23,3128,33acxfs6700n1zg,1034.00,STERLING AGENCIES
12/06/23,8679,33aaepb1524a1zu,1965.00,V.V. MEDICAL AGENCIE
12/06/23,CR7448,33aaffm0312g1zz,1250.00,MEENAKSHI PHARMA
13/06/23,CR9113,33883440537,578.00,SRI KARRBAGA PHARMA TRICHY-18
13/06/23,2574,33aagpr5611q1zb,1314.00,RENGANATHA PHARMACEU
13/06/23,33137,33aaffr8144k1zz,1491.00,RAJALAXMI PHARMACEUT
13/06/23,472,33aabfs8116n1zo,578.00,SWAMY AGENCIES
14/06/23,2219,33abjfs8192f1zv,517.00,S.V.S. PHARMACEUTICA
14/06/23,168303,33aabfs0471q1zo,679.00,SHRI BHALAJI PHARMAC TRICHY
14/06/23,79447,33aabfs0471q1zo,107.00,SHRI BHALAJI PHARMAC TRICHY
15/06/23,124,33aajfb6101c1z7,1723.00,biomaxx life science trichy-6200
15/06/23,5241,,436.00,RAMAKRISHNA MEDICAL   33483443473
15/06/23,3681,33CFTPS6729E1ZX,3045.00,ELITE ENTERPRISES TRICHY
15/06/23,9159,33aaepb1524a1zu,2431.00,V.V. MEDICAL AGENCIE
16/06/23,54870,33AFIPC0227Q1ZK,456.00,VACXINE CARE  TRICHY-18
16/06/23,26987,33AGZPR2775C1ZY,651.00,V.R.MEDICAL AGENCIES TRICHY-18
16/06/23,3709,33CFTPS6729E1ZX,2495.00,ELITE ENTERPRISES TRICHY
16/06/23,3724,33CFTPS6729E1ZX,446.00,ELITE ENTERPRISES TRICHY
17/06/23,5757,33aaifb3746l1zc,871.00,BHARATH AGENCIES
17/06/23,251466,33agmpb1605q1zf,2779.00,SARVA SREE SARADHAA
19/06/23,9447,33aaepb1524a1zu,1737.00,V.V. MEDICAL AGENCIE
19/06/23,2766,33AAMPK3195N6Z2,229.00,SHRI MEENA AGENCIES TRICHY-18
19/06/23,3221,33AAMPK3195NIZ7,566.00,MEENA MEDICAL AGENCI TRICHY 18
19/06/23,3076,33aadfa4756c1zx,451.00,ALAGAPPA MEDICAL AGE
19/06/23,11248,33aihpr9578f1zq,787.00,SRI KRISHNA MEDICALS
19/06/23,9596,33aaepb1524a1zu,784.00,V.V. MEDICAL AGENCIE
19/06/23,cr8181,33aaffm0312g1zz,3540.00,MEENAKSHI PHARMA
19/06/23,65376,3364344484,647.00,SREE AMMAN PHARMA TRICHY
20/06/23,2317,33adaph0049,1065.00,bg pharma     trichy
20/06/23,4816,33aahfs9255j1zs,992.00,S.RM PHARMACEUTICALS
20/06/23,525,33aabfs8116n1zo,1639.00,SWAMY AGENCIES
22/06/23,7225,33AKWPK931F,1169.00,AKS AGENCIES
22/06/23,5559,33acefs8806j1zw,1159.00,SHREE MEENAKSHI DIST TRICHY
22/06/23,2300073003561,33aaafn4303r1z9,1017.00,NATIONAL PHARMACEUTI
22/06/23,10004,33aaepb1524a1zu,1047.00,V.V. MEDICAL AGENCIE
23/06/23,2880,33aagpr5611q1zb,538.00,RENGANATHA PHARMACEU
23/06/23,2939,33aagpr5611q1zb,1568.00,RENGANATHA PHARMACEU
26/06/23,2306544,33bgxps8171e1zs,847.00,MAANOJ AGENCIES TRICHY
26/06/23,9566,33aafpr9119l2za,1356.00,SANTHI PHARMACEUTICA
26/06/23,3360,33aadfa4756c1zx,907.00,ALAGAPPA MEDICAL AGE
26/06/23,10403,33aaepb1524a1zu,1349.00,V.V. MEDICAL AGENCIE
26/06/23,12276,33aihpr9578f1zq,1176.00,SRI KRISHNA MEDICALS
26/06/23,3689,33acxfs6700n1zg,645.00,STERLING AGENCIES
26/06/23,3014,33AAMPK3195N6Z2,625.00,SHRI MEENA AGENCIES TRICHY-18
26/06/23,3494,33AAMPK3195NIZ7,848.00,MEENA MEDICAL AGENCI TRICHY 18
27/06/23,0019,TN-09-00613,3269.00,DOCTOR GOD HEALTH CA
27/06/23,252614,33agmpb1605q1zf,445.00,SARVA SREE SARADHAA
27/06/23,4245,33CFTPS6729E1ZX,2495.00,ELITE ENTERPRISES TRICHY
27/06/23,33479,33aaffr8144k1zz,1696.00,RAJALAXMI PHARMACEUT
27/06/23,3738,33acxfs6700n1zg,280.00,STERLING AGENCIES
27/06/23,3052,33AAMPK3195N6Z2,825.00,SHRI MEENA AGENCIES TRICHY-18
27/06/23,3541,33AAMPK3195NIZ7,227.00,MEENA MEDICAL AGENCI TRICHY 18
27/06/23,5813,33acefs8806j1zw,5275.00,SHREE MEENAKSHI DIST TRICHY
27/06/23,573,33aabfs8116n1zo,619.00,SWAMY AGENCIES
29/06/23,6184,33483443473,1774.00,RAMAKRISHNA MEDICAL
29/06/23,4346,33CFTPS6729E1ZX,3201.00,ELITE ENTERPRISES TRICHY
29/06/23,10913,33aaepb1524a1zu,1698.00,V.V. MEDICAL AGENCIE
29/06/23,10914,33aaepb1524a1zu,1276.00,V.V. MEDICAL AGENCIE
30/06/23,3193,33aagpr5611q1zb,691.00,RENGANATHA PHARMACEU
01/07/23,5912,33aaifb3746l1zc,1760.00,BHARATH AGENCIES
01/07/23,141,33aajfb6101c1z7,3412.00,biomaxx life science trichy-6200
01/07/23,6191,33acefs8806j1zw,1157.00,SHREE MEENAKSHI DIST TRICHY
01/07/23,71502,33anepg2206r1z2,2155.00,murali agencies trichy
03/07/23,4535,33CFTPS6729E1ZX,1580.00,ELITE ENTERPRISES TRICHY
03/07/23,11297,33aaepb1524a1zu,2478.00,V.V. MEDICAL AGENCIE
03/07/23,3288,33AAMPK3195N6Z2,3592.00,SHRI MEENA AGENCIES TRICHY-18
03/07/23,617,33aabfs8116n1zo,373.00,SWAMY AGENCIES
03/07/23,4054,33aahfs9354gizz,3452.00,SELVANANDA PHARMACEU
03/07/23,129,,760.00,alwin pharmaceutical
03/07/23,3792,33AAMPK3195NIZ7,678.00,MEENA MEDICAL AGENCI TRICHY 18
03/07/23,3289,33AAMPK3195N6Z2,499.00,SHRI MEENA AGENCIES TRICHY-18
03/07/23,3650,33aadfa4756c1zx,795.00,ALAGAPPA MEDICAL AGE
03/07/23,13366,33aihpr9578f1zq,2141.00,SRI KRISHNA MEDICALS
03/07/23,66640,3364344484,815.00,SREE AMMAN PHARMA TRICHY
04/07/23,12010,33883440537,514.00,SRI KARRBAGA PHARMA TRICHY-18
04/07/23,3330,33aagpr5611q1zb,410.00,RENGANATHA PHARMACEU
04/07/23,cr9773,33aaffm0312g1zz,4194.00,MEENAKSHI PHARMA
04/07/23,33800,33aaffr8144k1zz,1216.00,RAJALAXMI PHARMACEUT
04/07/23,624,33aabfs8116n1zo,670.00,SWAMY AGENCIES
05/07/23,2909,33abjfs8192f1zv,2292.00,S.V.S. PHARMACEUTICA
05/07/23,169439,33aabfs0471q1zo,526.00,SHRI BHALAJI PHARMAC TRICHY
07/07/23,4754,33CFTPS6729E1ZX,670.00,ELITE ENTERPRISES TRICHY
07/07/23,11834,33aaepb1524a1zu,877.00,V.V. MEDICAL AGENCIE
07/07/23,6518,33acefs8806j1zw,2547.00,SHREE MEENAKSHI DIST TRICHY
07/07/23,6657,33483443473,1055.00,RAMAKRISHNA MEDICAL
07/07/23,2300073004207,33aaafn4303r1z9,980.00,NATIONAL PHARMACEUTI
07/07/23,9125,33ACLPT8701,2558.00,MEDIZONE SPECIALITY TRICHY
07/07/23,3485,33aagpr5611q1zb,505.00,RENGANATHA PHARMACEU
10/07/23,3578,33AAMPK3195N6Z2,497.00,SHRI MEENA AGENCIES TRICHY-18
10/07/23,4350,33acxfs6700n1zg,643.00,STERLING AGENCIES
10/07/23,4942,33CFTPS6729E1ZX,4209.00,ELITE ENTERPRISES TRICHY
10/07/23,12263,33aaepb1524a1zu,1849.00,V.V. MEDICAL AGENCIE
10/07/23,14405,33aihpr9578f1zq,2529.00,SRI KRISHNA MEDICALS
11/07/23,3630,33AAMPK3195N6Z2,545.00,SHRI MEENA AGENCIES TRICHY-18
11/07/23,4413,33acxfs6700n1zg,955.00,STERLING AGENCIES
11/07/23,33979,33aaffr8144k1zz,1174.00,RAJALAXMI PHARMACEUT
11/07/23,679,33aabfs8116n1zo,951.00,SWAMY AGENCIES
11/07/23,3636,33aagpr5611q1zb,1065.00,RENGANATHA PHARMACEU
11/07/23,6149,33aahfs9255j1zs,441.00,S.RM PHARMACEUTICALS
12/07/23,4515,33aahfs9354gizz,576.00,SELVANANDA PHARMACEU
12/07/23,254493,33agmpb1605q1zf,480.00,SARVA SREE SARADHAA
12/07/23,169935,33aabfs0471q1zo,1040.00,SHRI BHALAJI PHARMAC TRICHY
13/07/23,12669,33aaepb1524a1zu,1495.00,V.V. MEDICAL AGENCIE
13/07/23,4553,33acxfs6700n1zg,560.00,STERLING AGENCIES
14/07/23,55849,33AFIPC0227Q1ZK,876.00,VACXINE CARE  TRICHY-18
14/07/23,27414,33AGZPR2775C1ZY,924.00,V.R.MEDICAL AGENCIES TRICHY-18
15/07/23,254941,33agmpb1605q1zf,1356.00,SARVA SREE SARADHAA
17/07/23,6101,33aaifb3746l1zc,2064.00,BHARATH AGENCIES
17/07/23,255121,33agmpb1605q1zf,346.00,SARVA SREE SARADHAA
17/07/23,3820,33AAMPK3195N6Z2,1286.00,SHRI MEENA AGENCIES TRICHY-18
17/07/23,4388,33AAMPK3195NIZ7,657.00,MEENA MEDICAL AGENCI TRICHY 18
17/07/23,4214,33aadfa4756c1zx,876.00,ALAGAPPA MEDICAL AGE
17/07/23,13140,33aaepb1524a1zu,2309.00,V.V. MEDICAL AGENCIE
18/07/23,34126,33aaffr8144k1zz,1560.00,RAJALAXMI PHARMACEUT
18/07/23,4439,33AAMPK3195NIZ7,884.00,MEENA MEDICAL AGENCI TRICHY 18
18/07/23,3857,33AAMPK3195N6Z2,1599.00,SHRI MEENA AGENCIES TRICHY-18
18/07/23,3901,33aagpr5611q1zb,896.00,RENGANATHA PHARMACEU
18/07/23,739,33aabfs8116n1zo,358.00,SWAMY AGENCIES
18/07/23,71917,33anepg2206r1z2,1552.00,murali agencies trichy
19/07/23,2447,,810.00,bg pharma     trichy  33adaph0049
20/07/23,13594,33aaepb1524a1zu,1186.00,V.V. MEDICAL AGENCIE
20/07/23,7494,33acefs8806j1zw,2559.00,SHREE MEENAKSHI DIST TRICHY
20/07/23,0163,33aajfb6101c1z7,1713.00,biomaxx life science trichy-6200
20/07/23,007300493,33aaafn4303r1z9,660.00,NATIONAL PHARMACEUTI
20/07/23,14805,33aaafj2236k1zn,839.00,JAYALAKSHMI AGENCIES TRICHY
21/07/23,5487,33CFTPS6729E1ZX,3150.00,ELITE ENTERPRISES TRICHY
21/07/23,4874,33aahfs9354gizz,813.00,SELVANANDA PHARMACEU
21/07/23,CR11700,33aaffm0312g1zz,942.00,MEENAKSHI PHARMA
21/07/23,13776,33aaepb1524a1zu,674.00,V.V. MEDICAL AGENCIE
22/07/23,0025,TN-09-00613,1298.00,DOCTOR GOD HEALTH CA
24/07/23,4661,33AAMPK3195NIZ7,848.00,MEENA MEDICAL AGENCI TRICHY 18
24/07/23,4954,33acxfs6700n1zg,600.00,STERLING AGENCIES
24/07/23,14036,33aaepb1524a1zu,548.00,V.V. MEDICAL AGENCIE
24/07/23,13882,33aaepb1524a1zu,1126.00,V.V. MEDICAL AGENCIE
24/07/23,27536,33AGZPR2775C1ZY,1284.00,V.R.MEDICAL AGENCIES TRICHY-18
24/07/23,4619,33AAMPK3195NIZ7,154.00,MEENA MEDICAL AGENCI TRICHY 18
24/07/23,4005,33AAMPK3195N6Z2,710.00,SHRI MEENA AGENCIES TRICHY-18
24/07/23,4482,33aadfa4756c1zx,1291.00,ALAGAPPA MEDICAL AGE
24/07/23,68431,3364344484,910.00,SREE AMMAN PHARMA TRICHY
24/07/23,2456,,961.00,bg pharma     trichy  33adaph0049
25/07/23,CR12106,33aaffm0312g1zz,1583.00,MEENAKSHI PHARMA
25/07/23,786,33aabfs8116n1zo,832.00,SWAMY AGENCIES
26/07/23,cr15034,33883440537,1258.00,SRI KARRBAGA PHARMA TRICHY-18
26/07/23,170721,33aabfs0471q1zo,439.00,SHRI BHALAJI PHARMAC TRICHY
26/07/23,80579,33aaxfs5861n1z8,384.00,SRI LAKSHMI PHARMA
26/07/23,170719,33aabfs0471q1zo,848.00,SHRI BHALAJI PHARMAC TRICHY
26/07/23,256212,33agmpb1605q1zf,2133.00,SARVA SREE SARADHAA
27/07/23,4809,33AAMPK3195NIZ7,605.00,MEENA MEDICAL AGENCI TRICHY 18
27/07/23,4170,33AAMPK3195N6Z2,182.00,SHRI MEENA AGENCIES TRICHY-18
27/07/23,4057,33AAMPK3195N6Z2,1191.00,SHRI MEENA AGENCIES TRICHY-18
27/07/23,14485,33aaepb1524a1zu,517.00,V.V. MEDICAL AGENCIE
27/07/23,15493,33aaafj2236k1zn,1744.00,JAYALAKSHMI AGENCIES TRICHY
27/07/23,5740,33CFTPS6729E1ZX,816.00,ELITE ENTERPRISES TRICHY
27/07/23,5822,33CFTPS6729E1ZX,555.00,ELITE ENTERPRISES TRICHY
27/07/23,8212,33483443473,1000.00,RAMAKRISHNA MEDICAL
27/07/23,7976,33acefs8806j1zw,1884.00,SHREE MEENAKSHI DIST TRICHY
28/07/23,10185,33aafpr9119l2za,1356.00,SANTHI PHARMACEUTICA
28/07/23,CR12463,33aaffm0312g1zz,641.00,MEENAKSHI PHARMA
28/07/23,302,,900.00,"INFOOD INC.,  SALEM"
29/07/23,256511,33agmpb1605q1zf,1192.00,SARVA SREE SARADHAA
29/07/23,5211,33acxfs6700n1zg,996.00,STERLING AGENCIES
29/07/23,5904,33CFTPS6729E1ZX,1077.00,ELITE ENTERPRISES TRICHY
29/07/23,CR12623,33aaffm0312g1zz,2208.00,MEENAKSHI PHARMA
29/07/23,256567,33agmpb1605q1zf,888.00,SARVA SREE SARADHAA
31/07/23,17556,33aihpr9578f1zq,546.00,SRI KRISHNA MEDICALS
31/07/23,4285,33AAMPK3195N6Z2,650.00,SHRI MEENA AGENCIES TRICHY-18
31/07/23,4766,33aadfa4756c1zx,967.00,ALAGAPPA MEDICAL AGE
31/07/23,72198,33anepg2206r1z2,2496.00,murali agencies trichy
01/08/23,CR15989,33883440537,1309.00,SRI KARRBAGA PHARMA TRICHY-18
01/08/23,4359,33AAMPK3195NIZ7,1004.00,MEENA MEDICAL AGENCI TRICHY 18
01/08/23,5041,33AAMPK3195N6Z2,511.00,SHRI MEENA AGENCIES TRICHY-18
01/08/23,6118,33CFTPS6729E1ZX,4148.00,ELITE ENTERPRISES TRICHY
01/08/23,34597,33aaffr8144k1zz,871.00,RAJALAXMI PHARMACEUT
01/08/23,9027,,3731.00,KASIRAJ AGENCIES TRICHY
01/08/23,4424,33aagpr5611q1zb,3614.00,RENGANATHA PHARMACEU
01/08/23,821,33aabfs8116n1zo,1352.00,SWAMY AGENCIES
02/08/23,14990,33aaepb1524a1zu,3284.00,V.V. MEDICAL AGENCIE
02/08/23,5435,33aahfs9354gizz,3133.00,SELVANANDA PHARMACEU
03/08/23,180,33aajfb6101c1z7,2986.00,biomaxx life science trichy-6200
03/08/23,840,33aabfs8116n1zo,1054.00,SWAMY AGENCIES
03/08/23,8687,33483443473,1425.00,RAMAKRISHNA MEDICAL
03/08/23,8493,33acefs8806j1zw,1392.00,SHREE MEENAKSHI DIST TRICHY
03/08/23,15266,33aaepb1524a1zu,2011.00,V.V. MEDICAL AGENCIE
04/08/23,56540,33AFIPC0227Q1ZK,1218.00,VACXINE CARE  TRICHY-18
04/08/23,4565,33aagpr5611q1zb,2029.00,RENGANATHA PHARMACEU
05/08/23,9818,,170.00,"sri vinayaga surgica 2740875,999"
05/08/23,3279,,960.00,avm surgicals trichy
05/08/23,6348,33CFTPS6729E1ZX,2114.00,ELITE ENTERPRISES TRICHY
05/08/23,257315,33agmpb1605q1zf,6960.00,SARVA SREE SARADHAA
05/08/23,257349,33agmpb1605q1zf,1108.00,SARVA SREE SARADHAA
05/08/23,6332,33aaifb3746l1zc,999.00,BHARATH AGENCIES
05/08/23,8591,33acefs8806j1zw,3815.00,SHREE MEENAKSHI DIST TRICHY
07/08/23,15529,33aaepb1524a1zu,517.00,V.V. MEDICAL AGENCIE
07/08/23,17903,33aihpr9578f1zq,554.00,SRI KRISHNA MEDICALS
07/08/23,0319,33EANPS1297A1ZM,1140.00,ROYAL PHARMA  TRICHY-6
07/08/23,JJGST2309639,33bgxps8171e1zs,329.00,MAANOJ AGENCIES TRICHY
07/08/23,72398,33anepg2206r1z2,2457.00,murali agencies trichy
07/08/23,5028,33aadfa4756c1zx,1590.00,ALAGAPPA MEDICAL AGE
07/08/23,15710,33aaepb1524a1zu,313.00,V.V. MEDICAL AGENCIE
07/08/23,15699,33aaepb1524a1zu,2829.00,V.V. MEDICAL AGENCIE
07/08/23,5586,33acxfs6700n1zg,1330.00,STERLING AGENCIES
07/08/23,5307,33AAMPK3195NIZ7,1081.00,MEENA MEDICAL AGENCI TRICHY 18
07/08/23,7821,33aahfs9255j1zs,1984.00,S.RM PHARMACEUTICALS
08/08/23,10018,,1049.00,"sri vinayaga surgica 2740875,999"
08/08/23,4648,33AAMPK3195N6Z2,229.00,SHRI MEENA AGENCIES TRICHY-18
08/08/23,5370,33AAMPK3195NIZ7,1416.00,MEENA MEDICAL AGENCI TRICHY 18
08/08/23,882,33aabfs8116n1zo,899.00,SWAMY AGENCIES
09/08/23,4034,33abjfs8192f1zv,2292.00,S.V.S. PHARMACEUTICA
10/08/23,19028,33aihpr9578f1zq,1499.00,SRI KRISHNA MEDICALS
10/08/23,9197,,958.00,RAMAKRISHNA MEDICAL   33483443473
10/08/23,8946,33acefs8806j1zw,1388.00,SHREE MEENAKSHI DIST TRICHY
10/08/23,8978,33acefs8806j1zw,2167.00,SHREE MEENAKSHI DIST TRICHY
10/08/23,6572,33CFTPS6729E1ZX,2894.00,ELITE ENTERPRISES TRICHY
10/08/23,6592,33CFTPS6729E1ZX,333.00,ELITE ENTERPRISES TRICHY
10/08/23,16253,33aaepb1524a1zu,1051.00,V.V. MEDICAL AGENCIE
10/08/23,16213,33aaepb1524a1zu,2135.00,V.V. MEDICAL AGENCIE
10/08/23,5461,33AAMPK3195NIZ7,1389.00,MEENA MEDICAL AGENCI TRICHY 18
10/08/23,4726,33AAMPK3195N6Z2,64.00,SHRI MEENA AGENCIES TRICHY-18
10/08/23,5743,33acxfs6700n1zg,837.00,STERLING AGENCIES
14/08/23,4819,33aagpr5611q1zb,1746.00,RENGANATHA PHARMACEU
14/08/23,5293,33aadfa4756c1zx,906.00,ALAGAPPA MEDICAL AGE
14/08/23,19581,33aihpr9578f1zq,1778.00,SRI KRISHNA MEDICALS
14/08/23,1661,33aaepb1524a1zu,3026.00,V.V. MEDICAL AGENCIE
14/08/23,70274,3364344484,1153.00,SREE AMMAN PHARMA TRICHY
14/08/23,70239,3364344484,600.00,SREE AMMAN PHARMA TRICHY
15/08/23,930,33aabfs8116n1zo,1547.00,SWAMY AGENCIES
15/08/23,4881,33AAMPK3195N6Z2,2590.00,SHRI MEENA AGENCIES TRICHY-18
16/08/23,00269,33436288365,1650.00,SSRI SOWMYA NARAYANA UTHAMARKOIL
16/08/23,4252,33abjfs8192f1zv,1083.00,S.V.S. PHARMACEUTICA
16/08/23,296,33CPTPM4822C1ZW,1512.00,SRI VAYALURAN PHARMA TRICHY-17
16/08/23,CR14411,33aaffm0312g1zz,1806.00,MEENAKSHI PHARMA
18/08/23,4968,33AAMPK3195N6Z2,1127.00,SHRI MEENA AGENCIES TRICHY-18
18/08/23,6986,33CFTPS6729E1ZX,2772.00,ELITE ENTERPRISES TRICHY
18/08/23,27902,33AGZPR2775C1ZY,651.00,V.R.MEDICAL AGENCIES TRICHY-18
18/08/23,56968,33AFIPC0227Q1ZK,1280.00,VACXINE CARE  TRICHY-18
19/08/23,6094,33aahfs9354gizz,1392.00,SELVANANDA PHARMACEU
19/08/23,7014,33CFTPS6729E1ZX,656.00,ELITE ENTERPRISES TRICHY
19/08/23,7100,33CFTPS6729E1ZX,798.00,ELITE ENTERPRISES TRICHY
19/08/23,CR18819,33883440537,948.00,SRI KARRBAGA PHARMA TRICHY-18
19/08/23,17196,33aaepb1524a1zu,466.00,V.V. MEDICAL AGENCIE
19/08/23,5028,33AAMPK3195N6Z2,936.00,SHRI MEENA AGENCIES TRICHY-18
19/08/23,5833,33AAMPK3195NIZ7,314.00,MEENA MEDICAL AGENCI TRICHY 18
19/08/23,CR14741,33aaffm0312g1zz,420.00,MEENAKSHI PHARMA
19/08/23,CR14874,33aaffm0312g1zz,784.00,MEENAKSHI PHARMA
21/08/23,20479,33aihpr9578f1zq,1247.00,SRI KRISHNA MEDICALS
21/08/23,5077,33AAMPK3195N6Z2,1675.00,SHRI MEENA AGENCIES TRICHY-18
21/08/23,6189,33acxfs6700n1zg,1074.00,STERLING AGENCIES
21/08/23,5886,33AAMPK3195NIZ7,1034.00,MEENA MEDICAL AGENCI TRICHY 18
21/08/23,17370,33aaepb1524a1zu,1217.00,V.V. MEDICAL AGENCIE
22/08/23,2319,33aagpr5611q1zb,1088.00,RENGANATHA PHARMACEU
22/08/23,5935,33AAMPK3195NIZ7,1405.00,MEENA MEDICAL AGENCI TRICHY 18
22/08/23,35066,33aaffr8144k1zz,1039.00,RAJALAXMI PHARMACEUT
22/08/23,367,,900.00,"INFOOD INC.,  SALEM"
22/08/23,975,33aabfs8116n1zo,962.00,SWAMY AGENCIES
22/08/23,5168,33aagpr5611q1zb,2004.00,RENGANATHA PHARMACEU
22/08/23,9743,33acefs8806j1zw,1668.00,SHREE MEENAKSHI DIST TRICHY
23/08/23,6273,33aahfs9354gizz,716.00,SELVANANDA PHARMACEU
23/08/23,259387,33agmpb1605q1zf,470.00,SARVA SREE SARADHAA
23/08/23,259379,33agmpb1605q1zf,256.00,SARVA SREE SARADHAA
24/08/23,7301,33CFTPS6729E1ZX,2848.00,ELITE ENTERPRISES TRICHY
24/08/23,CR19420,33883440537,1019.00,SRI KARRBAGA PHARMA TRICHY-18
24/08/23,10137,33483443473,2424.00,RAMAKRISHNA MEDICAL
24/08/23,17808,33aaepb1524a1zu,1128.00,V.V. MEDICAL AGENCIE
24/08/23,5593,33AAMPK3195NIZ7,2037.00,MEENA MEDICAL AGENCI TRICHY 18
24/08/23,5213,33AAMPK3195N6Z2,1512.00,SHRI MEENA AGENCIES TRICHY-18
28/08/23,JJGST2311183,33bgxps8171e1zs,682.00,MAANOJ AGENCIES TRICHY
28/08/23,24149,33AAOFS1772,597.00,SRI AMBAL JAISREE ME TRICHY
28/08/23,21525,33aihpr9578f1zq,993.00,SRI KRISHNA MEDICALS
28/08/23,5873,33aadfa4756c1zx,545.00,ALAGAPPA MEDICAL AGE
28/08/23,5314,33AAMPK3195N6Z2,164.00,SHRI MEENA AGENCIES TRICHY-18
28/08/23,6160,33AAMPK3195NIZ7,970.00,MEENA MEDICAL AGENCI TRICHY 18
28/08/23,18250,33aaepb1524a1zu,606.00,V.V. MEDICAL AGENCIE
28/08/23,18222,33aaepb1524a1zu,1679.00,V.V. MEDICAL AGENCIE
28/08/23,71374,3364344484,666.00,SREE AMMAN PHARMA TRICHY
28/08/23,cr15737,33aaffm0312g1zz,3432.00,MEENAKSHI PHARMA
29/08/23,CR15855,33aaffm0312g1zz,605.00,MEENAKSHI PHARMA
29/08/23,5347,33AAMPK3195N6Z2,828.00,SHRI MEENA AGENCIES TRICHY-18
29/08/23,1019,33aabfs8116n1zo,259.00,SWAMY AGENCIES
29/08/23,9183,33aahfs9255j1zs,675.00,S.RM PHARMACEUTICALS
29/08/23,7545,33CFTPS6729E1ZX,2495.00,ELITE ENTERPRISES TRICHY
29/08/23,2598,,642.00,bg pharma     trichy  33adaph0049
29/08/23,11103,,1125.00,KASIRAJ AGENCIES TRICHY
30/08/23,4659,33abjfs8192f1zv,1083.00,S.V.S. PHARMACEUTICA
30/08/23,172615,33aabfs0471q1zo,566.00,SHRI BHALAJI PHARMAC TRICHY
31/08/23,7677,33CFTPS6729E1ZX,2350.00,ELITE ENTERPRISES TRICHY
31/08/23,10382,33acefs8806j1zw,750.00,SHREE MEENAKSHI DIST TRICHY
31/08/23,10604,,762.00,RAMAKRISHNA MEDICAL   33483443473
01/09/23,57497,33AFIPC0227Q1ZK,1082.00,VACXINE CARE  TRICHY-18
01/09/23,5541,33aagpr5611q1zb,493.00,RENGANATHA PHARMACEU
02/09/23,6658,33aahfs9354gizz,1336.00,SELVANANDA PHARMACEU
02/09/23,260565,33agmpb1605q1zf,351.00,SARVA SREE SARADHAA
02/09/23,6675,33aaifb3746l1zc,880.00,BHARATH AGENCIES
04/09/23,18963,33aaepb1524a1zu,1557.00,V.V. MEDICAL AGENCIE
04/09/23,18955,33aaepb1524a1zu,545.00,V.V. MEDICAL AGENCIE
04/09/23,18706,33aaepb1524a1zu,2816.00,V.V. MEDICAL AGENCIE
04/09/23,57575,33AFIPC0227Q1ZK,700.00,VACXINE CARE  TRICHY-18
04/09/23,CR16476,33aaffm0312g1zz,1172.00,MEENAKSHI PHARMA
04/09/23,7784,33CFTPS6729E1ZX,766.00,ELITE ENTERPRISES TRICHY
04/09/23,6135,33aadfa4756c1zx,1180.00,ALAGAPPA MEDICAL AGE
04/09/23,5573,33AAMPK3195N6Z2,214.00,SHRI MEENA AGENCIES TRICHY-18
04/09/23,6468,33AAMPK3195NIZ7,1615.00,MEENA MEDICAL AGENCI TRICHY 18
04/09/23,19020,33aaepb1524a1zu,1318.00,V.V. MEDICAL AGENCIE
04/09/23,22490,33aihpr9578f1zq,1042.00,SRI KRISHNA MEDICALS
05/09/23,5691,33aagpr5611q1zb,1845.00,RENGANATHA PHARMACEU
05/09/23,5621,33AAMPK3195N6Z2,458.00,SHRI MEENA AGENCIES TRICHY-18
05/09/23,6867,33acxfs6700n1zg,585.00,STERLING AGENCIES
05/09/23,6534,33AAMPK3195NIZ7,505.00,MEENA MEDICAL AGENCI TRICHY 18
05/09/23,35577,33aaffr8144k1zz,1395.00,RAJALAXMI PHARMACEUT
05/09/23,11662,,2172.00,KASIRAJ AGENCIES TRICHY
05/09/23,1064,33aabfs8116n1zo,884.00,SWAMY AGENCIES
05/09/23,7913,33CFTPS6729E1ZX,2869.00,ELITE ENTERPRISES TRICHY
06/09/23,73045,33anepg2206r1z2,2716.00,murali agencies trichy
07/09/23,8049,33CFTPS6729E1ZX,1736.00,ELITE ENTERPRISES TRICHY
07/09/23,261184,33agmpb1605q1zf,8328.00,SARVA SREE SARADHAA
07/09/23,11150,33483443473,1233.00,RAMAKRISHNA MEDICAL
07/09/23,10886,33acefs8806j1zw,2457.00,SHREE MEENAKSHI DIST TRICHY
07/09/23,5707,33AAMPK3195N6Z2,572.00,SHRI MEENA AGENCIES TRICHY-18
07/09/23,6626,33AAMPK3195NIZ7,852.00,MEENA MEDICAL AGENCI TRICHY 18
07/09/23,19436,33aaepb1524a1zu,1259.00,V.V. MEDICAL AGENCIE
08/09/23,CR16863,33aaffm0312g1zz,1830.00,MEENAKSHI PHARMA
08/09/23,0084,,1130.00,GOWTHAM PHARMA SRIRANGAM
09/09/23,6762,33aaifb3746l1zc,711.00,BHARATH AGENCIES
09/09/23,CR17227,33aaffm0312g1zz,5160.00,MEENAKSHI PHARMA
11/09/23,57819,33AFIPC0227Q1ZK,966.00,VACXINE CARE  TRICHY-18
11/09/23,28266,33AGZPR2775C1ZY,651.00,V.R.MEDICAL AGENCIES TRICHY-18
11/09/23,5820,33AAMPK3195N6Z2,117.00,SHRI MEENA AGENCIES TRICHY-18
11/09/23,7108,33acxfs6700n1zg,281.00,STERLING AGENCIES
11/09/23,6777,33AAMPK3195NIZ7,812.00,MEENA MEDICAL AGENCI TRICHY 18
11/09/23,23608,33aihpr9578f1zq,1536.00,SRI KRISHNA MEDICALS
11/09/23,19826,33aaepb1524a1zu,1642.00,V.V. MEDICAL AGENCIE
11/09/23,6372,33aadfa4756c1zx,379.00,ALAGAPPA MEDICAL AGE
12/09/23,8341,33CFTPS6729E1ZX,446.00,ELITE ENTERPRISES TRICHY
12/09/23,8180,33CFTPS6729E1ZX,675.00,ELITE ENTERPRISES TRICHY
12/09/23,7165,33acxfs6700n1zg,616.00,STERLING AGENCIES
12/09/23,10065,33aahfs9255j1zs,992.00,S.RM PHARMACEUTICALS
12/09/23,1118,33aabfs8116n1zo,1016.00,SWAMY AGENCIES
13/09/23,261896,33agmpb1605q1zf,4218.00,SARVA SREE SARADHAA
13/09/23,261897,33agmpb1605q1zf,831.00,SARVA SREE SARADHAA
14/09/23,2647,33adaph0049,1197.00,bg pharma     trichy
14/09/23,10118,33aahfs9255j1zs,2186.00,S.RM PHARMACEUTICALS
14/09/23,240,33aajfb6101c1z7,2903.00,biomaxx life science trichy-6200
14/09/23,cr17742,33aaffm0312g1zz,765.00,MEENAKSHI PHARMA
14/09/23,12774,,1030.00,"sri vinayaga surgica 2740875,999"
14/09/23,11387,33acefs8806j1zw,570.00,SHREE MEENAKSHI DIST TRICHY
14/09/23,4598,33AAMPK3195N6Z2,1327.00,SHRI MEENA AGENCIES TRICHY-18
14/09/23,7278,33acxfs6700n1zg,273.00,STERLING AGENCIES
14/09/23,5946,33AAMPK3195N6Z2,955.00,SHRI MEENA AGENCIES TRICHY-18
14/09/23,6933,33AAMPK3195NIZ7,344.00,MEENA MEDICAL AGENCI TRICHY 18
14/09/23,8371,33CFTPS6729E1ZX,750.00,ELITE ENTERPRISES TRICHY
14/09/23,8443,33CFTPS6729E1ZX,846.00,ELITE ENTERPRISES TRICHY
15/09/23,9957,33ACLPT8701,546.00,MEDIZONE SPECIALITY TRICHY
15/09/23,jjgst2312331,33bgxps8171e1zs,823.00,MAANOJ AGENCIES TRICHY
16/09/23,CR18065,33aaffm0312g1zz,595.00,MEENAKSHI PHARMA
18/09/23,6058,33AAMPK3195N6Z2,632.00,SHRI MEENA AGENCIES TRICHY-18
18/09/23,7069,33AAMPK3195NIZ7,456.00,MEENA MEDICAL AGENCI TRICHY 18
18/09/23,7417,33acxfs6700n1zg,780.00,STERLING AGENCIES
18/09/23,73231,3364344484,1800.00,SREE AMMAN PHARMA TRICHY
18/09/23,24566,33aihpr9578f1zq,2611.00,SRI KRISHNA MEDICALS
18/09/23,6656,33aadfa4756c1zx,787.00,ALAGAPPA MEDICAL AGE
18/09/23,20623,33aaepb1524a1zu,2606.00,V.V. MEDICAL AGENCIE
19/09/23,7452,33acxfs6700n1zg,1346.00,STERLING AGENCIES
19/09/23,35857,33aaffr8144k1zz,623.00,RAJALAXMI PHARMACEUT
19/09/23,1156,33aabfs8116n1zo,1276.00,SWAMY AGENCIES
19/09/23,CR18222,33aaffm0312g1zz,420.00,MEENAKSHI PHARMA
20/09/23,5370,33abjfs8192f1zv,890.00,S.V.S. PHARMACEUTICA
21/09/23,93,,646.00,GOWTHAM PHARMA SRIRANGAM
21/09/23,249,33aajfb6101c1z7,1379.00,biomaxx life science trichy-6200
21/09/23,23390,33aaafj2236k1zn,839.00,JAYALAKSHMI AGENCIES TRICHY
21/09/23,12142,33483443473,1244.00,RAMAKRISHNA MEDICAL
21/09/23,7220,33AAMPK3195NIZ7,848.00,MEENA MEDICAL AGENCI TRICHY 18
21/09/23,20986,33aaepb1524a1zu,1509.00,V.V. MEDICAL AGENCIE
21/09/23,8837,33CFTPS6729E1ZX,1789.00,ELITE ENTERPRISES TRICHY
22/09/23,6294,33aagpr5611q1zb,1619.00,RENGANATHA PHARMACEU
23/09/23,173870,33aabfs0471q1zo,965.00,SHRI BHALAJI PHARMAC TRICHY
23/09/23,82094,33aaxfs5861n1z8,214.00,SRI LAKSHMI PHARMA
23/09/23,8951,33CFTPS6729E1ZX,1635.00,ELITE ENTERPRISES TRICHY
23/09/23,6932,33aaifb3746l1zc,582.00,BHARATH AGENCIES
23/09/23,CR18766,33aaffm0312g1zz,2184.00,MEENAKSHI PHARMA
23/09/23,7517,33aahfs9354gizz,2063.00,SELVANANDA PHARMACEU
23/09/23,263032,33agmpb1605q1zf,2280.00,SARVA SREE SARADHAA
25/09/23,6921,33aadfa4756c1zx,975.00,ALAGAPPA MEDICAL AGE
25/09/23,7379,33AAMPK3195NIZ7,746.00,MEENA MEDICAL AGENCI TRICHY 18
25/09/23,6295,33AAMPK3195N6Z2,147.00,SHRI MEENA AGENCIES TRICHY-18
25/09/23,7705,33acxfs6700n1zg,668.00,STERLING AGENCIES
25/09/23,25608,33aihpr9578f1zq,1280.00,SRI KRISHNA MEDICALS
25/09/23,21429,33aaepb1524a1zu,2945.00,V.V. MEDICAL AGENCIE
26/09/23,7726,33acxfs6700n1zg,912.00,STERLING AGENCIES
26/09/23,36048,33aaffr8144k1zz,1639.00,RAJALAXMI PHARMACEUT
26/09/23,9082,33CFTPS6729E1ZX,3870.00,ELITE ENTERPRISES TRICHY
26/09/23,1203,33aabfs8116n1zo,1801.00,SWAMY AGENCIES
26/09/23,5607,33abjfs8192f1zv,2292.00,S.V.S. PHARMACEUTICA
28/09/23,12606,,717.00,RAMAKRISHNA MEDICAL   33483443473
28/09/23,9224,33CFTPS6729E1ZX,979.00,ELITE ENTERPRISES TRICHY
28/09/23,12667,33483443473,1999.00,RAMAKRISHNA MEDICAL
28/09/23,12245,33acefs8806j1zw,4600.00,SHREE MEENAKSHI DIST TRICHY
28/09/23,21811,33aaepb1524a1zu,3043.00,V.V. MEDICAL AGENCIE
28/09/23,6449,33AAMPK3195N6Z2,351.00,SHRI MEENA AGENCIES TRICHY-18
28/09/23,7559,33AAMPK3195NIZ7,511.00,MEENA MEDICAL AGENCI TRICHY 18
02/10/23,26686,33aihpr9578f1zq,2315.00,SRI KRISHNA MEDICALS
02/10/23,22279,33aaepb1524a1zu,1215.00,V.V. MEDICAL AGENCIE
02/10/23,7741,33AAMPK3195NIZ7,1057.00,MEENA MEDICAL AGENCI TRICHY 18
02/10/23,74326,3364344484,666.00,SREE AMMAN PHARMA TRICHY
03/10/23,275,,760.00,alwin pharmaceutical
03/10/23,264,33aajfb6101c1z7,2612.00,biomaxx life science trichy-6200
03/10/23,8078,33acxfs6700n1zg,1123.00,STERLING AGENCIES
03/10/23,36317,33aaffr8144k1zz,815.00,RAJALAXMI PHARMACEUT
03/10/23,1257,33aabfs8116n1zo,480.00,SWAMY AGENCIES
03/10/23,5839,33abjfs8192f1zv,623.00,S.V.S. PHARMACEUTICA
03/10/23,73610,33anepg2206r1z2,1638.00,murali agencies trichy
05/10/23,22635,33aaepb1524a1zu,1637.00,V.V. MEDICAL AGENCIE
05/10/23,CR20183,33aaffm0312g1zz,2256.00,MEENAKSHI PHARMA
05/10/23,13206,33483443473,1676.00,RAMAKRISHNA MEDICAL
05/10/23,9655,33CFTPS6729E1ZX,4341.00,ELITE ENTERPRISES TRICHY
05/10/23,22727,33aaepb1524a1zu,2854.00,V.V. MEDICAL AGENCIE
05/10/23,7940,33AAMPK3195NIZ7,932.00,MEENA MEDICAL AGENCI TRICHY 18
05/10/23,6756,33AAMPK3195N6Z2,828.00,SHRI MEENA AGENCIES TRICHY-18
07/10/23,11443,33ACLPT8701,2776.00,MEDIZONE SPECIALITY TRICHY
09/10/23,264798,33agmpb1605q1zf,693.00,SARVA SREE SARADHAA
09/10/23,22979,33aaepb1524a1zu,2288.00,V.V. MEDICAL AGENCIE
09/10/23,58830,33AFIPC0227Q1ZK,1422.00,VACXINE CARE  TRICHY-18
09/10/23,28694,33AGZPR2775C1ZY,651.00,V.R.MEDICAL AGENCIES TRICHY-18
09/10/23,7487,33aadfa4756c1zx,1094.00,ALAGAPPA MEDICAL AGE
09/10/23,27776,33aihpr9578f1zq,831.00,SRI KRISHNA MEDICALS
09/10/23,23155,33aaepb1524a1zu,784.00,V.V. MEDICAL AGENCIE
09/10/23,8103,33AAMPK3195NIZ7,848.00,MEENA MEDICAL AGENCI TRICHY 18
09/10/23,6874,33AAMPK3195N6Z2,308.00,SHRI MEENA AGENCIES TRICHY-18
09/10/23,0044,TN-09-00613,1298.00,DOCTOR GOD HEALTH CA
10/10/23,265043,33agmpb1605q1zf,3131.00,SARVA SREE SARADHAA
10/10/23,9883,33CFTPS6729E1ZX,565.00,ELITE ENTERPRISES TRICHY
10/10/23,36510,33aaffr8144k1zz,1619.00,RAJALAXMI PHARMACEUT
10/10/23,6930,33aagpr5611q1zb,1339.00,RENGANATHA PHARMACEU
10/10/23,58876,33AFIPC0227Q1ZK,1050.00,VACXINE CARE  TRICHY-18
10/10/23,1313,33aabfs8116n1zo,615.00,SWAMY AGENCIES
10/10/23,8433,33acxfs6700n1zg,1006.00,STERLING AGENCIES
10/10/23,11848,33aahfs9255j1zs,1436.00,S.RM PHARMACEUTICALS
10/10/23,14442,,438.00,KASIRAJ AGENCIES TRICHY
10/10/23,CR20822,33aaffm0312g1zz,442.00,MEENAKSHI PHARMA
11/10/23,13108,33acefs8806j1zw,363.00,SHREE MEENAKSHI DIST TRICHY
11/10/23,8211,33aahfs9354gizz,1336.00,SELVANANDA PHARMACEU
11/10/23,116,,920.00,GOWTHAM PHARMA SRIRANGAM
11/10/23,8338,33aahfs9354gizz,672.00,SELVANANDA PHARMACEU
11/10/23,265257,33agmpb1605q1zf,1140.00,SARVA SREE SARADHAA
11/10/23,75020,3364344484,2128.00,SREE AMMAN PHARMA TRICHY
12/10/23,13742,,922.00,RAMAKRISHNA MEDICAL   33483443473
12/10/23,10083,33CFTPS6729E1ZX,2218.00,ELITE ENTERPRISES TRICHY
12/10/23,8290,33AAMPK3195NIZ7,1110.00,MEENA MEDICAL AGENCI TRICHY 18
13/10/23,6973,33aagpr5611q1zb,624.00,RENGANATHA PHARMACEU
13/10/23,7064,33aagpr5611q1zb,1033.00,RENGANATHA PHARMACEU
13/10/23,10179,33CFTPS6729E1ZX,1250.00,ELITE ENTERPRISES TRICHY
14/10/23,2754,,958.00,bg pharma     trichy  33adaph0049
14/10/23,7211,33aaifb3746l1zc,1066.00,BHARATH AGENCIES
17/10/23,23888,33aaepb1524a1zu,2135.00,V.V. MEDICAL AGENCIE
17/10/23,15001,,516.00,KASIRAJ AGENCIES TRICHY
17/10/23,1354,33aabfs8116n1zo,945.00,SWAMY AGENCIES
17/10/23,6296,33abjfs8192f1zv,4583.00,S.V.S. PHARMACEUTICA
17/10/23,36668,33aaffr8144k1zz,1174.00,RAJALAXMI PHARMACEUT
17/10/23,8506,33AAMPK3195NIZ7,2028.00,MEENA MEDICAL AGENCI TRICHY 18
19/10/23,17718,33AKWPK931F,1043.00,AKS AGENCIES
19/10/23,13631,33acefs8806j1zw,1670.00,SHREE MEENAKSHI DIST TRICHY
19/10/23,121,,1228.00,GOWTHAM PHARMA SRIRANGAM
19/10/23,10473,33CFTPS6729E1ZX,3521.00,ELITE ENTERPRISES TRICHY
19/10/23,8616,33AAMPK3195NIZ7,1696.00,MEENA MEDICAL AGENCI TRICHY 18
19/10/23,24383,33aaepb1524a1zu,2425.00,V.V. MEDICAL AGENCIE
19/10/23,13744,33acefs8806j1zw,2167.00,SHREE MEENAKSHI DIST TRICHY
19/10/23,14272,,927.00,RAMAKRISHNA MEDICAL   33483443473
20/10/23,8702,33aahfs9354gizz,2479.00,SELVANANDA PHARMACEU
20/10/23,10501,33CFTPS6729E1ZX,1071.00,ELITE ENTERPRISES TRICHY
21/10/23,7298,33aaifb3746l1zc,648.00,BHARATH AGENCIES
21/10/23,266418,33agmpb1605q1zf,2554.00,SARVA SREE SARADHAA
21/10/23,CR22214,33aaffm0312g1zz,673.00,MEENAKSHI PHARMA
21/10/23,CR22190,33aaffm0312g1zz,2958.00,MEENAKSHI PHARMA
23/10/23,24707,33aaepb1524a1zu,3083.00,V.V. MEDICAL AGENCIE
23/10/23,28913,33AGZPR2775C1ZY,651.00,V.R.MEDICAL AGENCIES TRICHY-18
23/10/23,29468,33aihpr9578f1zq,618.00,SRI KRISHNA MEDICALS
23/10/23,8009,33aadfa4756c1zx,848.00,ALAGAPPA MEDICAL AGE
23/10/23,9010,33acxfs6700n1zg,674.00,STERLING AGENCIES
23/10/23,7372,33AAMPK3195N6Z2,478.00,SHRI MEENA AGENCIES TRICHY-18
24/10/23,10605,33CFTPS6729E1ZX,655.00,ELITE ENTERPRISES TRICHY
24/10/23,12721,33aahfs9255j1zs,976.00,S.RM PHARMACEUTICALS
24/10/23,9064,33acxfs6700n1zg,717.00,STERLING AGENCIES
24/10/23,7415,33AAMPK3195N6Z2,758.00,SHRI MEENA AGENCIES TRICHY-18
24/10/23,1399,33aabfs8116n1zo,637.00,SWAMY AGENCIES
24/10/23,76169,3364344484,1060.00,SREE AMMAN PHARMA TRICHY
26/10/23,10803,33CFTPS6729E1ZX,688.00,ELITE ENTERPRISES TRICHY
26/10/23,14733,,771.00,RAMAKRISHNA MEDICAL   33483443473
26/10/23,14142,33acefs8806j1zw,1574.00,SHREE MEENAKSHI DIST TRICHY
27/10/23,7525,33aagpr5611q1zb,1056.00,RENGANATHA PHARMACEU
27/10/23,446,33CPTPM4822C1ZW,848.00,SRI VAYALURAN PHARMA TRICHY-17
27/10/23,11972,33ACLPT8701,546.00,MEDIZONE SPECIALITY TRICHY
28/10/23,28276,33aaafj2236k1zn,1708.00,JAYALAKSHMI AGENCIES TRICHY
28/10/23,10846,33CFTPS6729E1ZX,1954.00,ELITE ENTERPRISES TRICHY
28/10/23,cr23034,33aaffm0312g1zz,2184.00,MEENAKSHI PHARMA
28/10/23,7400,33aaifb3746l1zc,1285.00,BHARATH AGENCIES
28/10/23,267206,33agmpb1605q1zf,2091.00,SARVA SREE SARADHAA
30/10/23,25527,33aaepb1524a1zu,2351.00,V.V. MEDICAL AGENCIE
30/10/23,00346,33EANPS1297A1ZM,432.00,ROYAL PHARMA  TRICHY-6
30/10/23,8307,33aadfa4756c1zx,1120.00,ALAGAPPA MEDICAL AGE
30/10/23,9065,33AAMPK3195NIZ7,932.00,MEENA MEDICAL AGENCI TRICHY 18
30/10/23,9334,33acxfs6700n1zg,829.00,STERLING AGENCIES
30/10/23,25702,33aaepb1524a1zu,1106.00,V.V. MEDICAL AGENCIE
30/10/23,25614,33aaepb1524a1zu,1370.00,V.V. MEDICAL AGENCIE
30/10/23,76676,3364344484,933.00,SREE AMMAN PHARMA TRICHY
31/10/23,31000,33aihpr9578f1zq,2789.00,SRI KRISHNA MEDICALS
31/10/23,11074,33CFTPS6729E1ZX,2772.00,ELITE ENTERPRISES TRICHY
31/10/23,37072,33aaffr8144k1zz,2148.00,RAJALAXMI PHARMACEUT
31/10/23,9419,33acxfs6700n1zg,550.00,STERLING AGENCIES
31/10/23,9135,33AAMPK3195NIZ7,443.00,MEENA MEDICAL AGENCI TRICHY 18
31/10/23,8358,33aadfa4756c1zx,280.00,ALAGAPPA MEDICAL AGE
31/10/23,13213,33aahfs9255j1zs,1317.00,S.RM PHARMACEUTICALS
31/10/23,1444,33aabfs8116n1zo,1279.00,SWAMY AGENCIES
31/10/23,74256,33anepg2206r1z2,2155.00,murali agencies trichy
31/10/23,6743,33abjfs8192f1zv,2833.00,S.V.S. PHARMACEUTICA
01/11/23,267581,33agmpb1605q1zf,1236.00,SARVA SREE SARADHAA
01/11/23,16278,,2245.00,KASIRAJ AGENCIES TRICHY
01/11/23,366,33436288365,1625.00,SSRI SOWMYA NARAYANA UTHAMARKOIL
02/11/23,11192,33CFTPS6729E1ZX,949.00,ELITE ENTERPRISES TRICHY
02/11/23,298,33aajfb6101c1z7,5616.00,biomaxx life science trichy-6200
02/11/23,14684,33acefs8806j1zw,3105.00,SHREE MEENAKSHI DIST TRICHY
02/11/23,26192,33aaepb1524a1zu,1354.00,V.V. MEDICAL AGENCIE
02/11/23,9255,33AAMPK3195NIZ7,161.00,MEENA MEDICAL AGENCI TRICHY 18
02/11/23,9536,33acxfs6700n1zg,870.00,STERLING AGENCIES
02/11/23,7838,33AAMPK3195N6Z2,895.00,SHRI MEENA AGENCIES TRICHY-18
03/11/23,7792,33aagpr5611q1zb,1314.00,RENGANATHA PHARMACEU
03/11/23,CR23819,33aaffm0312g1zz,1323.00,MEENAKSHI PHARMA
03/11/23,9261,33aahfs9354gizz,1313.00,SELVANANDA PHARMACEU
04/11/23,74353,33anepg2206r1z2,1724.00,murali agencies trichy
04/11/23,2835,33adaph0049,2305.00,bg pharma     trichy
04/11/23,26547,33aaepb1524a1zu,443.00,V.V. MEDICAL AGENCIE
04/11/23,26358,33aaepb1524a1zu,3586.00,V.V. MEDICAL AGENCIE
04/11/23,83324,33aaxfs5861n1z8,247.00,SRI LAKSHMI PHARMA
04/11/23,176542,33aabfs0471q1zo,842.00,SHRI BHALAJI PHARMAC TRICHY
06/11/23,8592,33aadfa4756c1zx,1516.00,ALAGAPPA MEDICAL AGE
06/11/23,26638,33aaepb1524a1zu,2463.00,V.V. MEDICAL AGENCIE
06/11/23,32097,33aihpr9578f1zq,3738.00,SRI KRISHNA MEDICALS
06/11/23,8004,33AAMPK3195N6Z2,1318.00,SHRI MEENA AGENCIES TRICHY-18
06/11/23,9446,33AAMPK3195NIZ7,897.00,MEENA MEDICAL AGENCI TRICHY 18
06/11/23,77347,3364344484,403.00,SREE AMMAN PHARMA TRICHY
07/11/23,9777,33acxfs6700n1zg,881.00,STERLING AGENCIES
07/11/23,37295,33aaffr8144k1zz,2183.00,RAJALAXMI PHARMACEUT
07/11/23,1503,33aabfs8116n1zo,2011.00,SWAMY AGENCIES
07/11/23,16905,,819.00,KASIRAJ AGENCIES TRICHY
07/11/23,13784,33aahfs9255j1zs,650.00,S.RM PHARMACEUTICALS
08/11/23,9490,33aahfs9354gizz,2625.00,SELVANANDA PHARMACEU
08/11/23,26947,33aaepb1524a1zu,1034.00,V.V. MEDICAL AGENCIE
08/11/23,8017,33aagpr5611q1zb,2669.00,RENGANATHA PHARMACEU
09/11/23,308,33aajfb6101c1z7,1676.00,biomaxx life science trichy-6200
09/11/23,11420,33CFTPS6729E1ZX,196.00,ELITE ENTERPRISES TRICHY
09/11/23,11635,33CFTPS6729E1ZX,895.00,ELITE ENTERPRISES TRICHY
09/11/23,11512,33CFTPS6729E1ZX,496.00,ELITE ENTERPRISES TRICHY
09/11/23,11419,33CFTPS6729E1ZX,3040.00,ELITE ENTERPRISES TRICHY
09/11/23,CR2449412,33aaffm0312g1zz,3136.00,MEENAKSHI PHARMA
09/11/23,27173,33aaepb1524a1zu,577.00,V.V. MEDICAL AGENCIE
09/11/23,15924,33483443473,2327.00,RAMAKRISHNA MEDICAL
09/11/23,15301,33acefs8806j1zw,1378.00,SHREE MEENAKSHI DIST TRICHY
09/11/23,11711,33CFTPS6729E1ZX,1325.00,ELITE ENTERPRISES TRICHY
09/11/23,9642,33AAMPK3195NIZ7,2006.00,MEENA MEDICAL AGENCI TRICHY 18
10/11/23,8102,33aagpr5611q1zb,2207.00,RENGANATHA PHARMACEU
11/11/23,7593,33aaifb3746l1zc,880.00,BHARATH AGENCIES
11/11/23,27424,33aaepb1524a1zu,1742.00,V.V. MEDICAL AGENCIE
20/11/23,28422,33aaepb1524a1zu,2986.00,V.V. MEDICAL AGENCIE
20/11/23,269335,33agmpb1605q1zf,9744.00,SARVA SREE SARADHAA
20/11/23,0149,,920.00,GOWTHAM PHARMA SRIRANGAM
20/11/23,7145,33abjfs8192f1zv,2292.00,S.V.S. PHARMACEUTICA
20/11/23,78468,3364344484,1795.00,SREE AMMAN PHARMA TRICHY
21/11/23,28500,33aaepb1524a1zu,3268.00,V.V. MEDICAL AGENCIE
21/11/23,7334,33abjfs8192f1zv,4583.00,S.V.S. PHARMACEUTICA
21/11/23,34268,33aihpr9578f1zq,2367.00,SRI KRISHNA MEDICALS
21/11/23,8519,33AAMPK3195N6Z2,1244.00,SHRI MEENA AGENCIES TRICHY-18
21/11/23,10114,33AAMPK3195NIZ7,1035.00,MEENA MEDICAL AGENCI TRICHY 18
21/11/23,10433,33acxfs6700n1zg,236.00,STERLING AGENCIES
21/11/23,8433,33aagpr5611q1zb,1416.00,RENGANATHA PHARMACEU
21/11/23,14701,33aahfs9255j1zs,1604.00,S.RM PHARMACEUTICALS
21/11/23,377575,33aaffr8144k1zz,912.00,RAJALAXMI PHARMACEUT
21/11/23,8564,33AAMPK3195N6Z2,570.00,SHRI MEENA AGENCIES TRICHY-18
21/11/23,10499,33acxfs6700n1zg,713.00,STERLING AGENCIES
21/11/23,1582,33aabfs8116n1zo,1459.00,SWAMY AGENCIES
22/11/23,164,,1228.00,GOWTHAM PHARMA SRIRANGAM
22/11/23,10134,33aahfs9354gizz,1289.00,SELVANANDA PHARMACEU
22/11/23,2909,33adaph0049,1250.00,bg pharma     trichy
23/11/23,0058,TN-09-00613,2220.00,DOCTOR GOD HEALTH CA
23/11/23,270348,33agmpb1605q1zf,1962.00,SARVA SREE SARADHAA
23/11/23,10271,33AAMPK3195NIZ7,2589.00,MEENA MEDICAL AGENCI TRICHY 18
23/11/23,29010,33aaepb1524a1zu,2024.00,V.V. MEDICAL AGENCIE
23/11/23,31949,33aaafj2236k1zn,1629.00,JAYALAKSHMI AGENCIES TRICHY
23/11/23,16988,,325.00,RAMAKRISHNA MEDICAL   33483443473
23/11/23,12437,33CFTPS6729E1ZX,1365.00,ELITE ENTERPRISES TRICHY
23/11/23,12287,33CFTPS6729E1ZX,2335.00,ELITE ENTERPRISES TRICHY
23/11/23,16241,33acefs8806j1zw,1505.00,SHREE MEENAKSHI DIST TRICHY
24/11/23,cr26407,33aaffm0312g1zz,3386.00,MEENAKSHI PHARMA
24/11/23,29495,33AGZPR2775C1ZY,651.00,V.R.MEDICAL AGENCIES TRICHY-18
24/11/23,10054,33ABNP57211,2948.00,SRI CHELLA AGENCIES TRICHY
24/11/23,12832,33ACLPT8701,2054.00,MEDIZONE SPECIALITY TRICHY
24/11/23,8572,33aagpr5611q1zb,575.00,RENGANATHA PHARMACEU
25/11/23,10084,33ABNP57211,1474.00,SRI CHELLA AGENCIES TRICHY
25/11/23,7782,33aaifb3746l1zc,986.00,BHARATH AGENCIES
25/11/23,177708,33aabfs0471q1zo,519.00,SHRI BHALAJI PHARMAC TRICHY
25/11/23,83836,33aaxfs5861n1z8,1036.00,SRI LAKSHMI PHARMA
27/11/23,29303,33aaepb1524a1zu,1551.00,V.V. MEDICAL AGENCIE
27/11/23,29534,33AGZPR2775C1ZY,446.00,V.R.MEDICAL AGENCIES TRICHY-18
27/11/23,9443,33aadfa4756c1zx,659.00,ALAGAPPA MEDICAL AGE
27/11/23,29480,33aaepb1524a1zu,2429.00,V.V. MEDICAL AGENCIE
27/11/23,10442,33AAMPK3195NIZ7,1298.00,MEENA MEDICAL AGENCI TRICHY 18
27/11/23,10784,33acxfs6700n1zg,674.00,STERLING AGENCIES
27/11/23,79176,3364344484,735.00,SREE AMMAN PHARMA TRICHY
28/11/23,8664,33aagpr5611q1zb,576.00,RENGANATHA PHARMACEU
28/11/23,CR35713,33883440537,903.00,SRI KARRBAGA PHARMA TRICHY-18
28/11/23,8748,33aagpr5611q1zb,753.00,RENGANATHA PHARMACEU
28/11/23,37877,33aaffr8144k1zz,979.00,RAJALAXMI PHARMACEUT
28/11/23,35695,33aihpr9578f1zq,1820.00,SRI KRISHNA MEDICALS
28/11/23,8849,33AAMPK3195N6Z2,497.00,SHRI MEENA AGENCIES TRICHY-18
28/11/23,10496,33AAMPK3195NIZ7,850.00,MEENA MEDICAL AGENCI TRICHY 18
28/11/23,327,33aajfb6101c1z7,2420.00,biomaxx life science trichy-6200
28/11/23,60675,33AFIPC0227Q1ZK,626.00,VACXINE CARE  TRICHY-18
28/11/23,1628,33aabfs8116n1zo,2420.00,SWAMY AGENCIES
28/11/23,7636,33abjfs8192f1zv,779.00,S.V.S. PHARMACEUTICA
30/11/23,29869,33aaepb1524a1zu,1083.00,V.V. MEDICAL AGENCIE
30/11/23,0176,,1254.00,GOWTHAM PHARMA SRIRANGAM
30/11/23,17513,33483443473,1400.00,RAMAKRISHNA MEDICAL
30/11/23,32860,33aaafj2236k1zn,1010.00,JAYALAKSHMI AGENCIES TRICHY
30/11/23,8969,33AAMPK3195N6Z2,272.00,SHRI MEENA AGENCIES TRICHY-18
30/11/23,10973,33acxfs6700n1zg,468.00,STERLING AGENCIES
30/11/23,10618,33AAMPK3195NIZ7,466.00,MEENA MEDICAL AGENCI TRICHY 18
30/11/23,29890,33aaepb1524a1zu,957.00,V.V. MEDICAL AGENCIE
30/11/23,12825,33CFTPS6729E1ZX,4044.00,ELITE ENTERPRISES TRICHY
01/12/23,jjgst2317859,33bgxps8171e1zs,682.00,MAANOJ AGENCIES TRICHY
01/12/23,12528,33aafpr9119l2za,678.00,SANTHI PHARMACEUTICA
02/12/23,10522,33aahfs9354gizz,2039.00,SELVANANDA PHARMACEU
02/12/23,19200,,2106.00,KASIRAJ AGENCIES TRICHY
02/12/23,178164,33aabfs0471q1zo,848.00,SHRI BHALAJI PHARMAC TRICHY
02/12/23,74970,33anepg2206r1z2,2155.00,murali agencies trichy
04/12/23,30312,33aaepb1524a1zu,865.00,V.V. MEDICAL AGENCIE
04/12/23,60909,33AFIPC0227Q1ZK,1400.00,VACXINE CARE  TRICHY-18
04/12/23,36689,33aihpr9578f1zq,841.00,SRI KRISHNA MEDICALS
05/12/23,11152,33acxfs6700n1zg,633.00,STERLING AGENCIES
05/12/23,38093,33aaffr8144k1zz,1180.00,RAJALAXMI PHARMACEUT
05/12/23,9048,33aagpr5611q1zb,1549.00,RENGANATHA PHARMACEU
05/12/23,112299,33acxfs6700n1zg,1404.00,STERLING AGENCIES
05/12/23,1690,33aabfs8116n1zo,919.00,SWAMY AGENCIES
05/12/23,15754,33aahfs9255j1zs,1329.00,S.RM PHARMACEUTICALS
06/12/23,13193,33CFTPS6729E1ZX,1386.00,ELITE ENTERPRISES TRICHY
06/12/23,30809,33aaepb1524a1zu,999.00,V.V. MEDICAL AGENCIE
06/12/23,30703,33aaepb1524a1zu,1812.00,V.V. MEDICAL AGENCIE
06/12/23,CR28068,33aaffm0312g1zz,2437.00,MEENAKSHI PHARMA
06/12/23,CR28058,33aaffm0312g1zz,669.00,MEENAKSHI PHARMA
06/12/23,272048,33agmpb1605q1zf,950.00,SARVA SREE SARADHAA
07/12/23,0065,TN-09-00613,2761.00,DOCTOR GOD HEALTH CA
07/12/23,21483,,766.00,vaduganathan agencie trichy
07/12/23,30937,33aaepb1524a1zu,968.00,V.V. MEDICAL AGENCIE
07/12/23,18098,33483443473,1774.00,RAMAKRISHNA MEDICAL
07/12/23,11032,33AAMPK3195NIZ7,1560.00,MEENA MEDICAL AGENCI TRICHY 18
08/12/23,JJGST2318378,33bgxps8171e1zs,978.00,MAANOJ AGENCIES TRICHY
09/12/23,7982,33aaifb3746l1zc,969.00,BHARATH AGENCIES
09/12/23,13299,33ACLPT8701,1264.00,MEDIZONE SPECIALITY TRICHY
11/12/23,61193,33AFIPC0227Q1ZK,626.00,VACXINE CARE  TRICHY-18
11/12/23,10013,33aadfa4756c1zx,1064.00,ALAGAPPA MEDICAL AGE
11/12/23,37886,33aihpr9578f1zq,2465.00,SRI KRISHNA MEDICALS
11/12/23,11522,33acxfs6700n1zg,1321.00,STERLING AGENCIES
11/12/23,31407,33aaepb1524a1zu,882.00,V.V. MEDICAL AGENCIE
11/12/23,80493,3364344484,403.00,SREE AMMAN PHARMA TRICHY
12/12/23,38236,33aaffr8144k1zz,1250.00,RAJALAXMI PHARMACEUT
13/12/23,2987,33adaph0049,1488.00,bg pharma     trichy
13/12/23,67,TN-09-00613,1734.00,DOCTOR GOD HEALTH CA
13/12/23,11046,33aahfs9354gizz,2237.00,SELVANANDA PHARMACEU
14/12/23,2990,,580.00,bg pharma     trichy  33adaph0049
14/12/23,13699,33CFTPS6729E1ZX,3064.00,ELITE ENTERPRISES TRICHY
14/12/23,31767,33aaepb1524a1zu,1020.00,V.V. MEDICAL AGENCIE
14/12/23,10964,33ABNP57211,2239.00,SRI CHELLA AGENCIES TRICHY
16/12/23,20378,,651.00,KASIRAJ AGENCIES TRICHY
18/12/23,192,,1254.00,GOWTHAM PHARMA SRIRANGAM
18/12/23,CR29496,33aaffm0312g1zz,3509.00,MEENAKSHI PHARMA
18/12/23,32168,33aaepb1524a1zu,752.00,V.V. MEDICAL AGENCIE
18/12/23,38932,33aihpr9578f1zq,1790.00,SRI KRISHNA MEDICALS
18/12/23,9681,33AAMPK3195N6Z2,1317.00,SHRI MEENA AGENCIES TRICHY-18
18/12/23,10303,33aadfa4756c1zx,626.00,ALAGAPPA MEDICAL AGE
18/12/23,32226,33aaepb1524a1zu,4076.00,V.V. MEDICAL AGENCIE
18/12/23,81107,3364344484,647.00,SREE AMMAN PHARMA TRICHY
19/12/23,16698,33aahfs9255j1zs,1149.00,S.RM PHARMACEUTICALS
19/12/23,1786,33aabfs8116n1zo,1700.00,SWAMY AGENCIES
19/12/23,10371,33aadfa4756c1zx,466.00,ALAGAPPA MEDICAL AGE
19/12/23,11571,33AAMPK3195NIZ7,1283.00,MEENA MEDICAL AGENCI TRICHY 18
20/12/23,8314,33abjfs8192f1zv,563.00,S.V.S. PHARMACEUTICA
21/12/23,11689,33AAMPK3195NIZ7,746.00,MEENA MEDICAL AGENCI TRICHY 18
21/12/23,12051,33acxfs6700n1zg,416.00,STERLING AGENCIES
21/12/23,14061,33CFTPS6729E1ZX,3102.00,ELITE ENTERPRISES TRICHY
21/12/23,18205,33acefs8806j1zw,363.00,SHREE MEENAKSHI DIST TRICHY
22/12/23,32662,33aaepb1524a1zu,517.00,V.V. MEDICAL AGENCIE
22/12/23,3005,33AGZPR2775C1ZY,651.00,V.R.MEDICAL AGENCIES TRICHY-18
22/12/23,9733,33aagpr5611q1zb,1370.00,RENGANATHA PHARMACEU
26/12/23,33109,33aaepb1524a1zu,1558.00,V.V. MEDICAL AGENCIE
26/12/23,39942,33aihpr9578f1zq,958.00,SRI KRISHNA MEDICALS
26/12/23,11847,33AAMPK3195NIZ7,1052.00,MEENA MEDICAL AGENCI TRICHY 18
26/12/23,CR30451,33aaffm0312g1zz,3214.00,MEENAKSHI PHARMA
27/12/23,9894,33aagpr5611q1zb,624.00,RENGANATHA PHARMACEU
27/12/23,1842,33aabfs8116n1zo,1137.00,SWAMY AGENCIES
27/12/23,38568,33aaffr8144k1zz,725.00,RAJALAXMI PHARMACEUT
28/12/23,21270,,2522.00,KASIRAJ AGENCIES TRICHY
28/12/23,1440,33CFTPS6729E1ZX,2407.00,ELITE ENTERPRISES TRICHY
28/12/23,18667,33acefs8806j1zw,1332.00,SHREE MEENAKSHI DIST TRICHY
28/12/23,33477,33aaepb1524a1zu,1276.00,V.V. MEDICAL AGENCIE
28/12/23,357,33aajfb6101c1z7,2748.00,biomaxx life science trichy-6200
30/12/23,13960,33ACLPT8701,740.00,MEDIZONE SPECIALITY TRICHY
01/01/24,40995,33aihpr9578f1zq,892.00,SRI KRISHNA MEDICALS
01/01/24,10848,33aadfa4756c1zx,1088.00,ALAGAPPA MEDICAL AGE
01/01/24,33859,33aaepb1524a1zu,1377.00,V.V. MEDICAL AGENCIE
01/01/24,12516,33acxfs6700n1zg,1836.00,STERLING AGENCIES
02/01/24,10167,33aagpr5611q1zb,1033.00,RENGANATHA PHARMACEU
02/01/24,38856,33aaffr8144k1zz,1445.00,RAJALAXMI PHARMACEUT
02/01/24,10299,33AAMPK3195N6Z2,1137.00,SHRI MEENA AGENCIES TRICHY-18
02/01/24,1884,33aabfs8116n1zo,1785.00,SWAMY AGENCIES
03/01/24,14710,33CFTPS6729E1ZX,2495.00,ELITE ENTERPRISES TRICHY
03/01/24,14741,33CFTPS6729E1ZX,403.00,ELITE ENTERPRISES TRICHY
03/01/24,11962,33aahfs9354gizz,1957.00,SELVANANDA PHARMACEU
04/01/24,14814,33CFTPS6729E1ZX,4096.00,ELITE ENTERPRISES TRICHY
04/01/24,19195,33acefs8806j1zw,1538.00,SHREE MEENAKSHI DIST TRICHY
04/01/24,34346,33aaepb1524a1zu,2074.00,V.V. MEDICAL AGENCIE
05/01/24,12710,33acxfs6700n1zg,912.00,STERLING AGENCIES
05/01/24,12352,33AAMPK3195NIZ7,382.00,MEENA MEDICAL AGENCI TRICHY 18
05/01/24,10387,33AAMPK3195N6Z2,341.00,SHRI MEENA AGENCIES TRICHY-18
05/01/24,10305,33aagpr5611q1zb,1050.00,RENGANATHA PHARMACEU
06/01/24,213,,1227.00,GOWTHAM PHARMA SRIRANGAM
06/01/24,8353,33aaifb3746l1zc,635.00,BHARATH AGENCIES
08/01/24,34762,33aaepb1524a1zu,1888.00,V.V. MEDICAL AGENCIE
08/01/24,10513,33AAMPK3195N6Z2,242.00,SHRI MEENA AGENCIES TRICHY-18
08/01/24,12506,33AAMPK3195NIZ7,1400.00,MEENA MEDICAL AGENCI TRICHY 18
08/01/24,cr32081,33aaffm0312g1zz,1760.00,MEENAKSHI PHARMA
08/01/24,cr32060,33aaffm0312g1zz,2370.00,MEENAKSHI PHARMA
08/01/24,82936,3364344484,1023.00,SREE AMMAN PHARMA TRICHY
09/01/24,368,33EANPS1297A1ZM,1080.00,ROYAL PHARMA  TRICHY-6
09/01/24,12939,33acxfs6700n1zg,846.00,STERLING AGENCIES
09/01/24,39053,33aaffr8144k1zz,854.00,RAJALAXMI PHARMACEUT
09/01/24,1945,33aabfs8116n1zo,962.00,SWAMY AGENCIES
09/01/24,8996,33abjfs8192f1zv,542.00,S.V.S. PHARMACEUTICA
10/01/24,276444,33agmpb1605q1zf,820.00,SARVA SREE SARADHAA
10/01/24,46669,33AAOFS1772,1575.00,SRI AMBAL JAISREE ME TRICHY
10/01/24,18140,33aahfs9255j1zs,1351.00,S.RM PHARMACEUTICALS
10/01/24,372,33aajfb6101c1z7,2932.00,biomaxx life science trichy-6200
10/01/24,22265,,2210.00,KASIRAJ AGENCIES TRICHY
11/01/24,35173,33aaepb1524a1zu,2038.00,V.V. MEDICAL AGENCIE
11/01/24,15207,33CFTPS6729E1ZX,2339.00,ELITE ENTERPRISES TRICHY
11/01/24,35246,33aaepb1524a1zu,1086.00,V.V. MEDICAL AGENCIE
11/01/24,19738,33acefs8806j1zw,1232.00,SHREE MEENAKSHI DIST TRICHY
12/01/24,9092,,2500.00,COVAI PHARMA  TRICHY-102
12/01/24,21455,,1151.00,"sri vinayaga surgica 2740875,999"
12/01/24,jjgst2320759,33bgxps8171e1zs,1015.00,MAANOJ AGENCIES TRICHY
13/01/24,43079,33aihpr9578f1zq,733.00,SRI KRISHNA MEDICALS
16/01/24,CR32798,33aaffm0312g1zz,2080.00,MEENAKSHI PHARMA
17/01/24,11431,33aadfa4756c1zx,811.00,ALAGAPPA MEDICAL AGE
17/01/24,9178,33abjfs8192f1zv,501.00,S.V.S. PHARMACEUTICA
17/01/24,12489,33aahfs9354gizz,3147.00,SELVANANDA PHARMACEU
17/01/24,1981,33aabfs8116n1zo,549.00,SWAMY AGENCIES
18/01/24,15473,33CFTPS6729E1ZX,3881.00,ELITE ENTERPRISES TRICHY
18/01/24,35811,33aaepb1524a1zu,1369.00,V.V. MEDICAL AGENCIE
18/01/24,20957,,533.00,RAMAKRISHNA MEDICAL   33483443473
19/01/24,cr33013,33aaffm0312g1zz,427.00,MEENAKSHI PHARMA
19/01/24,cr33067,33aaffm0312g1zz,3096.00,MEENAKSHI PHARMA
19/01/24,277328,33agmpb1605q1zf,1302.00,SARVA SREE SARADHAA
19/01/24,75951,33anepg2206r1z2,714.00,murali agencies trichy
19/01/24,225,,1228.00,GOWTHAM PHARMA SRIRANGAM
19/01/24,30392,33AGZPR2775C1ZY,651.00,V.R.MEDICAL AGENCIES TRICHY-18
19/01/24,JJGST2321086,33bgxps8171e1zs,2845.00,MAANOJ AGENCIES TRICHY
20/01/24,10778,33aagpr5611q1zb,848.00,RENGANATHA PHARMACEU
20/01/24,22931,,2914.00,KASIRAJ AGENCIES TRICHY
20/01/24,75986,33anepg2206r1z2,714.00,murali agencies trichy
22/01/24,36178,33aaepb1524a1zu,2806.00,V.V. MEDICAL AGENCIE
22/01/24,43854,33aihpr9578f1zq,2102.00,SRI KRISHNA MEDICALS
23/01/24,39381,33aaffr8144k1zz,2156.00,RAJALAXMI PHARMACEUT
23/01/24,15807,33CFTPS6729E1ZX,1247.00,ELITE ENTERPRISES TRICHY
23/01/24,15791,33CFTPS6729E1ZX,507.00,ELITE ENTERPRISES TRICHY
23/01/24,11050,33AAMPK3195N6Z2,462.00,SHRI MEENA AGENCIES TRICHY-18
23/01/24,13103,33AAMPK3195NIZ7,300.00,MEENA MEDICAL AGENCI TRICHY 18
23/01/24,13451,33acxfs6700n1zg,1847.00,STERLING AGENCIES
23/01/24,36436,33aaepb1524a1zu,720.00,V.V. MEDICAL AGENCIE
23/01/24,36306,33aaepb1524a1zu,569.00,V.V. MEDICAL AGENCIE
23/01/24,CR41534,33883440537,1160.00,SRI KARRBAGA PHARMA TRICHY-18
23/01/24,18931,33aahfs9255j1zs,1058.00,S.RM PHARMACEUTICALS
23/01/24,2029,33aabfs8116n1zo,710.00,SWAMY AGENCIES
24/01/24,180946,33aabfs0471q1zo,806.00,SHRI BHALAJI PHARMAC TRICHY
26/01/24,3124,33adaph0049,1302.00,bg pharma     trichy
26/01/24,15823,33CFTPS6729E1ZX,983.00,ELITE ENTERPRISES TRICHY
26/01/24,15886,33CFTPS6729E1ZX,1499.00,ELITE ENTERPRISES TRICHY
26/01/24,40305,33aaafj2236k1zn,1588.00,JAYALAKSHMI AGENCIES TRICHY
26/01/24,36840,33aaepb1524a1zu,1222.00,V.V. MEDICAL AGENCIE
26/01/24,11058,33aagpr5611q1zb,848.00,RENGANATHA PHARMACEU
26/01/24,CR34032,33aaffm0312g1zz,2064.00,MEENAKSHI PHARMA
26/01/24,CR34040,33aaffm0312g1zz,2718.00,MEENAKSHI PHARMA
29/01/24,9583,,1638.00,COVAI PHARMA  TRICHY-102
29/01/24,62879,33AFIPC0227Q1ZK,626.00,VACXINE CARE  TRICHY-18
29/01/24,37035,33aaepb1524a1zu,2053.00,V.V. MEDICAL AGENCIE
29/01/24,37036,33aaepb1524a1zu,206.00,V.V. MEDICAL AGENCIE
29/01/24,13767,33acxfs6700n1zg,1113.00,STERLING AGENCIES
29/01/24,44888,33aihpr9578f1zq,1099.00,SRI KRISHNA MEDICALS
29/01/24,11914,33aadfa4756c1zx,1336.00,ALAGAPPA MEDICAL AGE
29/01/24,37161,33aaepb1524a1zu,1669.00,V.V. MEDICAL AGENCIE
30/01/24,23647,,1475.00,KASIRAJ AGENCIES TRICHY
30/01/24,39624,33aaffr8144k1zz,1549.00,RAJALAXMI PHARMACEUT
30/01/24,13829,33acxfs6700n1zg,838.00,STERLING AGENCIES
30/01/24,13356,33AAMPK3195NIZ7,209.00,MEENA MEDICAL AGENCI TRICHY 18
30/01/24,2077,33aabfs8116n1zo,651.00,SWAMY AGENCIES
31/01/24,392,33aajfb6101c1z7,2402.00,biomaxx life science trichy-6200
31/01/24,459,33436288365,1617.00,SSRI SOWMYA NARAYANA UTHAMARKOIL
01/02/24,278871,33agmpb1605q1zf,1933.00,SARVA SREE SARADHAA
01/02/24,50281,33AAOFS1772,336.00,SRI AMBAL JAISREE ME TRICHY
01/02/24,701,,2700.00,"INFOOD INC.,  SALEM"
01/02/24,16298,33CFTPS6729E1ZX,2513.00,ELITE ENTERPRISES TRICHY
01/02/24,37636,33aaepb1524a1zu,2976.00,V.V. MEDICAL AGENCIE
01/02/24,CR34810,33aaffm0312g1zz,2389.00,MEENAKSHI PHARMA
01/02/24,13234,33aahfs9354gizz,1957.00,SELVANANDA PHARMACEU
01/02/24,11394,33AAMPK3195N6Z2,719.00,SHRI MEENA AGENCIES TRICHY-18
01/02/24,13535,33AAMPK3195NIZ7,646.00,MEENA MEDICAL AGENCI TRICHY 18
01/02/24,20916,33acefs8806j1zw,1332.00,SHREE MEENAKSHI DIST TRICHY
02/02/24,2114,33aabfs8116n1zo,1382.00,SWAMY AGENCIES
02/02/24,11348,33aagpr5611q1zb,644.00,RENGANATHA PHARMACEU
02/02/24,395,33aajfb6101c1z7,1884.00,biomaxx life science trichy-6200
03/02/24,9836,,3061.00,COVAI PHARMA  TRICHY-102
03/02/24,279392,33agmpb1605q1zf,2989.00,SARVA SREE SARADHAA
03/02/24,16437,33CFTPS6729E1ZX,4784.00,ELITE ENTERPRISES TRICHY
05/02/24,46062,33aihpr9578f1zq,1316.00,SRI KRISHNA MEDICALS
05/02/24,12223,33aadfa4756c1zx,803.00,ALAGAPPA MEDICAL AGE
05/02/24,38108,33aaepb1524a1zu,735.00,V.V. MEDICAL AGENCIE
05/02/24,16555,33CFTPS6729E1ZX,1428.00,ELITE ENTERPRISES TRICHY
05/02/24,13722,33AAMPK3195NIZ7,1219.00,MEENA MEDICAL AGENCI TRICHY 18
06/02/24,39921,33aaffr8144k1zz,1982.00,RAJALAXMI PHARMACEUT
06/02/24,14189,33acxfs6700n1zg,1034.00,STERLING AGENCIES
06/02/24,2150,33aabfs8116n1zo,663.00,SWAMY AGENCIES
06/02/24,19897,33aahfs9255j1zs,1086.00,S.RM PHARMACEUTICALS
06/02/24,0086,TN-09-00613,1770.00,DOCTOR GOD HEALTH CA
07/02/24,27218,,843.00,vaduganathan agencie trichy
08/02/24,38664,33aaepb1524a1zu,1739.00,V.V. MEDICAL AGENCIE
08/02/24,1171,33AAMPK3195N6Z2,1212.00,SHRI MEENA AGENCIES TRICHY-18
09/02/24,16771,33CFTPS6729E1ZX,1015.00,ELITE ENTERPRISES TRICHY
09/02/24,16817,33CFTPS6729E1ZX,300.00,ELITE ENTERPRISES TRICHY
10/02/24,8789,33aaifb3746l1zc,1259.00,BHARATH AGENCIES
12/02/24,12496,33aadfa4756c1zx,1072.00,ALAGAPPA MEDICAL AGE
12/02/24,47096,33aihpr9578f1zq,1123.00,SRI KRISHNA MEDICALS
12/02/24,39101,33aaepb1524a1zu,4863.00,V.V. MEDICAL AGENCIE
12/02/24,14029,33AAMPK3195NIZ7,697.00,MEENA MEDICAL AGENCI TRICHY 18
12/02/24,11827,33AAMPK3195N6Z2,794.00,SHRI MEENA AGENCIES TRICHY-18
12/02/24,85920,3364344484,647.00,SREE AMMAN PHARMA TRICHY
13/02/24,13718,33aahfs9354gizz,1336.00,SELVANANDA PHARMACEU
13/02/24,40080,33aaffr8144k1zz,872.00,RAJALAXMI PHARMACEUT
13/02/24,14535,33acxfs6700n1zg,1102.00,STERLING AGENCIES
13/02/24,2198,33aabfs8116n1zo,1413.00,SWAMY AGENCIES
14/02/24,280874,33agmpb1605q1zf,1244.00,SARVA SREE SARADHAA
15/02/24,cr36358,33aaffm0312g1zz,515.00,MEENAKSHI PHARMA
15/02/24,10105,33abjfs8192f1zv,1083.00,S.V.S. PHARMACEUTICA
15/02/24,17109,33CFTPS6729E1ZX,3996.00,ELITE ENTERPRISES TRICHY
15/02/24,43370,33aaafj2236k1zn,803.00,JAYALAKSHMI AGENCIES TRICHY
15/02/24,21839,33acefs8806j1zw,2457.00,SHREE MEENAKSHI DIST TRICHY
15/02/24,22991,,969.00,RAMAKRISHNA MEDICAL   33483443473
15/02/24,39503,33aaepb1524a1zu,1560.00,V.V. MEDICAL AGENCIE
15/02/24,17170,33CFTPS6729E1ZX,849.00,ELITE ENTERPRISES TRICHY
15/02/24,CR36367,33aaffm0312g1zz,662.00,MEENAKSHI PHARMA
17/02/24,CR36636,33aaffm0312g1zz,2926.00,MEENAKSHI PHARMA
19/02/24,251,,2094.00,GOWTHAM PHARMA SRIRANGAM
19/02/24,17282,33CFTPS6729E1ZX,3881.00,ELITE ENTERPRISES TRICHY
19/02/24,17344,33CFTPS6729E1ZX,1322.00,ELITE ENTERPRISES TRICHY
19/02/24,14323,33AAMPK3195NIZ7,1971.00,MEENA MEDICAL AGENCI TRICHY 18
19/02/24,14782,33acxfs6700n1zg,521.00,STERLING AGENCIES
19/02/24,14170,33AAMPK3195NIZ7,373.00,MEENA MEDICAL AGENCI TRICHY 18
19/02/24,14627,33acxfs6700n1zg,252.00,STERLING AGENCIES
19/02/24,3195,33adaph0049,1856.00,bg pharma     trichy
19/02/24,39939,33aaepb1524a1zu,2905.00,V.V. MEDICAL AGENCIE
19/02/24,48123,33aihpr9578f1zq,1247.00,SRI KRISHNA MEDICALS
19/02/24,48070,33aihpr9578f1zq,854.00,SRI KRISHNA MEDICALS
19/02/24,86545,3364344484,501.00,SREE AMMAN PHARMA TRICHY
20/02/24,20805,33aahfs9255j1zs,2051.00,S.RM PHARMACEUTICALS
20/02/24,14370,33AAMPK3195NIZ7,1746.00,MEENA MEDICAL AGENCI TRICHY 18
20/02/24,243,33aabfs8116n1zo,1377.00,SWAMY AGENCIES
20/02/24,25316,,2306.00,KASIRAJ AGENCIES TRICHY
20/02/24,40228,33aaffr8144k1zz,1764.00,RAJALAXMI PHARMACEUT
21/02/24,281731,33agmpb1605q1zf,3938.00,SARVA SREE SARADHAA
21/02/24,10600,,1638.00,COVAI PHARMA  TRICHY-102
22/02/24,23479,,918.00,RAMAKRISHNA MEDICAL   33483443473
22/02/24,40375,33aaepb1524a1zu,2051.00,V.V. MEDICAL AGENCIE
22/02/24,12179,33AAMPK3195N6Z2,385.00,SHRI MEENA AGENCIES TRICHY-18
22/02/24,12175,33AAMPK3195N6Z2,719.00,SHRI MEENA AGENCIES TRICHY-18
23/02/24,31032,33AGZPR2775C1ZY,651.00,V.R.MEDICAL AGENCIES TRICHY-18
23/02/24,12130,33aagpr5611q1zb,1572.00,RENGANATHA PHARMACEU
23/02/24,3210,,712.00,bg pharma     trichy  33adaph0049
24/02/24,40567,33aaepb1524a1zu,2112.00,V.V. MEDICAL AGENCIE
26/02/24,40756,33aaepb1524a1zu,1911.00,V.V. MEDICAL AGENCIE
26/02/24,15077,33acxfs6700n1zg,1364.00,STERLING AGENCIES
26/02/24,49092,33aihpr9578f1zq,1042.00,SRI KRISHNA MEDICALS
26/02/24,13017,33aadfa4756c1zx,1069.00,ALAGAPPA MEDICAL AGE
26/02/24,87120,3364344484,336.00,SREE AMMAN PHARMA TRICHY
27/02/24,267,,3000.00,GOWTHAM PHARMA SRIRANGAM
27/02/24,12364,33AAMPK3195N6Z2,1229.00,SHRI MEENA AGENCIES TRICHY-18
27/02/24,40420,33aaffr8144k1zz,2278.00,RAJALAXMI PHARMACEUT
27/02/24,2303,33aabfs8116n1zo,2683.00,SWAMY AGENCIES
28/02/24,420,33aajfb6101c1z7,1809.00,biomaxx life science trichy-6200
28/02/24,25830,,249.00,KASIRAJ AGENCIES TRICHY
28/02/24,282641,33agmpb1605q1zf,1339.00,SARVA SREE SARADHAA
28/02/24,CR37915,33aaffm0312g1zz,420.00,MEENAKSHI PHARMA
29/02/24,41075,33aaepb1524a1zu,1957.00,V.V. MEDICAL AGENCIE
29/02/24,45077,33aaafj2236k1zn,933.00,JAYALAKSHMI AGENCIES TRICHY
29/02/24,40546,33aaffr8144k1zz,519.00,RAJALAXMI PHARMACEUT
29/02/24,17885,33CFTPS6729E1ZX,1116.00,ELITE ENTERPRISES TRICHY
29/02/24,23957,,407.00,RAMAKRISHNA MEDICAL   33483443473
29/02/24,12473,33AAMPK3195N6Z2,1300.00,SHRI MEENA AGENCIES TRICHY-18
29/02/24,22830,33acefs8806j1zw,2898.00,SHREE MEENAKSHI DIST TRICHY
29/02/24,10506,33abjfs8192f1zv,1616.00,S.V.S. PHARMACEUTICA
29/02/24,41192,33aaepb1524a1zu,2832.00,V.V. MEDICAL AGENCIE
01/03/24,2320,33aabfs8116n1zo,966.00,SWAMY AGENCIES
01/03/24,64068,33AFIPC0227Q1ZK,626.00,VACXINE CARE  TRICHY-18
02/03/24,9055,33aaifb3746l1zc,900.00,BHARATH AGENCIES
04/03/24,283062,33agmpb1605q1zf,470.00,SARVA SREE SARADHAA
04/03/24,549,,380.00,alwin pharmaceutical
04/03/24,CR38295,33aaffm0312g1zz,3030.00,MEENAKSHI PHARMA
04/03/24,41663,33aaepb1524a1zu,1400.00,V.V. MEDICAL AGENCIE
04/03/24,50267,33aihpr9578f1zq,2261.00,SRI KRISHNA MEDICALS
04/03/24,14943,33AAMPK3195NIZ7,562.00,MEENA MEDICAL AGENCI TRICHY 18
04/03/24,12628,33AAMPK3195N6Z2,1158.00,SHRI MEENA AGENCIES TRICHY-18
04/03/24,0092,TN-09-00613,1298.00,DOCTOR GOD HEALTH CA
05/03/24,21711,33aahfs9255j1zs,726.00,S.RM PHARMACEUTICALS
05/03/24,15503,33acxfs6700n1zg,924.00,STERLING AGENCIES
05/03/24,12564,33aagpr5611q1zb,626.00,RENGANATHA PHARMACEU
05/03/24,40734,33aaffr8144k1zz,1340.00,RAJALAXMI PHARMACEUT
05/03/24,2364,33aabfs8116n1zo,1728.00,SWAMY AGENCIES
06/03/24,26411,,935.00,KASIRAJ AGENCIES TRICHY
06/03/24,14675,33aahfs9354gizz,3815.00,SELVANANDA PHARMACEU
07/03/24,183189,33aabfs0471q1zo,1083.00,SHRI BHALAJI PHARMAC TRICHY
07/03/24,42110,33aaepb1524a1zu,2818.00,V.V. MEDICAL AGENCIE
07/03/24,24465,33483443473,1551.00,RAMAKRISHNA MEDICAL
07/03/24,18318,33CFTPS6729E1ZX,4917.00,ELITE ENTERPRISES TRICHY
07/03/24,12788,33AAMPK3195N6Z2,387.00,SHRI MEENA AGENCIES TRICHY-18
07/03/24,15139,33AAMPK3195NIZ7,908.00,MEENA MEDICAL AGENCI TRICHY 18
08/03/24,15387,33ACLPT8701,546.00,MEDIZONE SPECIALITY TRICHY
08/03/24,14742,33ACLPT8701,1264.00,MEDIZONE SPECIALITY TRICHY
11/03/24,31569,,428.00,AKS AGENCIES          33AKWPK931F
11/03/24,13554,33aadfa4756c1zx,821.00,ALAGAPPA MEDICAL AGE
11/03/24,51317,33aihpr9578f1zq,2275.00,SRI KRISHNA MEDICALS
11/03/24,42497,33aaepb1524a1zu,1546.00,V.V. MEDICAL AGENCIE
11/03/24,15271,33AAMPK3195NIZ7,774.00,MEENA MEDICAL AGENCI TRICHY 18
11/03/24,15743,33acxfs6700n1zg,1239.00,STERLING AGENCIES
11/03/24,cr39378,33aaffm0312g1zz,2080.00,MEENAKSHI PHARMA
12/03/24,40885,33aaffr8144k1zz,1258.00,RAJALAXMI PHARMACEUT
12/03/24,2409,33aabfs8116n1zo,1432.00,SWAMY AGENCIES
12/03/24,15322,33AAMPK3195NIZ7,544.00,MEENA MEDICAL AGENCI TRICHY 18
12/03/24,12962,33AAMPK3195N6Z2,270.00,SHRI MEENA AGENCIES TRICHY-18
12/03/24,15799,33acxfs6700n1zg,483.00,STERLING AGENCIES
12/03/24,22163,33aahfs9255j1zs,655.00,S.RM PHARMACEUTICALS
12/03/24,CR39522,33aaffm0312g1zz,528.00,MEENAKSHI PHARMA
12/03/24,12827,33aagpr5611q1zb,825.00,RENGANATHA PHARMACEU
13/03/24,CR48778,33883440537,1135.00,SRI KARRBAGA PHARMA TRICHY-18
13/03/24,CR42571,33883440537,1309.00,SRI KARRBAGA PHARMA TRICHY-18
14/03/24,18669,33CFTPS6729E1ZX,1080.00,ELITE ENTERPRISES TRICHY
14/03/24,27067,,2226.00,KASIRAJ AGENCIES TRICHY
14/03/24,18707,33CFTPS6729E1ZX,1978.00,ELITE ENTERPRISES TRICHY
14/03/24,47225,33aaafj2236k1zn,749.00,JAYALAKSHMI AGENCIES TRICHY
14/03/24,13042,33AAMPK3195N6Z2,465.00,SHRI MEENA AGENCIES TRICHY-18
14/03/24,15414,33AAMPK3195NIZ7,562.00,MEENA MEDICAL AGENCI TRICHY 18
14/03/24,24941,33483443473,1290.00,RAMAKRISHNA MEDICAL
15/03/24,JJGST2325106,33bgxps8171e1zs,3050.00,MAANOJ AGENCIES TRICHY
15/03/24,31374,33AGZPR2775C1ZY,633.00,V.R.MEDICAL AGENCIES TRICHY-18
15/03/24,64590,33AFIPC0227Q1ZK,1344.00,VACXINE CARE  TRICHY-18
16/03/24,9213,33aaifb3746l1zc,969.00,BHARATH AGENCIES
18/03/24,52413,33aihpr9578f1zq,672.00,SRI KRISHNA MEDICALS
18/03/24,52352,33aihpr9578f1zq,1542.00,SRI KRISHNA MEDICALS
18/03/24,13808,33aadfa4756c1zx,1021.00,ALAGAPPA MEDICAL AGE
18/03/24,43237,33aaepb1524a1zu,1238.00,V.V. MEDICAL AGENCIE
18/03/24,16042,33acxfs6700n1zg,1141.00,STERLING AGENCIES
19/03/24,41034,33aaffr8144k1zz,1420.00,RAJALAXMI PHARMACEUT
19/03/24,15613,33AAMPK3195NIZ7,1118.00,MEENA MEDICAL AGENCI TRICHY 18
19/03/24,16088,33acxfs6700n1zg,727.00,STERLING AGENCIES
19/03/24,22587,33aahfs9255j1zs,1112.00,S.RM PHARMACEUTICALS
19/03/24,2463,33aabfs8116n1zo,1413.00,SWAMY AGENCIES
21/03/24,27499,,1340.00,KASIRAJ AGENCIES TRICHY
21/03/24,cr40440,33aaffm0312g1zz,1848.00,MEENAKSHI PHARMA
21/03/24,43615,33aaepb1524a1zu,1569.00,V.V. MEDICAL AGENCIE
21/03/24,19074,33CFTPS6729E1ZX,2364.00,ELITE ENTERPRISES TRICHY
25/03/24,3300,33adaph0049,1076.00,bg pharma     trichy
25/03/24,0096,TN-09-00613,2454.00,DOCTOR GOD HEALTH CA
26/03/24,27321,,1030.00,"sri vinayaga surgica 2740875,999"
26/03/24,2507,33aabfs8116n1zo,1859.00,SWAMY AGENCIES
26/03/24,41211,33aaffr8144k1zz,2637.00,RAJALAXMI PHARMACEUT
26/03/24,11281,33abjfs8192f1zv,1269.00,S.V.S. PHARMACEUTICA
28/03/24,13447,33AAMPK3195N6Z2,1520.00,SHRI MEENA AGENCIES TRICHY-18
28/03/24,15882,33AAMPK3195NIZ7,714.00,MEENA MEDICAL AGENCI TRICHY 18
28/03/24,16006,33AAMPK3195NIZ7,1037.00,MEENA MEDICAL AGENCI TRICHY 18
28/03/24,19451,33CFTPS6729E1ZX,3033.00,ELITE ENTERPRISES TRICHY
28/03/24,13557,33AAMPK3195N6Z2,229.00,SHRI MEENA AGENCIES TRICHY-18
28/03/24,25817,33483443473,1136.00,RAMAKRISHNA MEDICAL
28/03/24,24577,33acefs8806j1zw,2863.00,SHREE MEENAKSHI DIST TRICHY
28/03/24,48966,33aaafj2236k1zn,1647.00,JAYALAKSHMI AGENCIES TRICHY
28/03/24,44289,33aaepb1524a1zu,333.00,V.V. MEDICAL AGENCIE
28/03/24,44288,33aaepb1524a1zu,4618.00,V.V. MEDICAL AGENCIE
29/03/24,12058,,4957.00,COVAI PHARMA  TRICHY-102
29/03/24,cr50680,33883440537,3321.00,SRI KARRBAGA PHARMA TRICHY-18
29/03/24,1662,33ACLPT8701,1685.00,MEDIZONE SPECIALITY TRICHY
29/03/24,cr41164,33aaffm0312g1zz,2404.00,MEENAKSHI PHARMA
30/03/24,15847,33aahfs9354gizz,2649.00,SELVANANDA PHARMACEU
30/03/24,184567,33aabfs0471q1zo,616.00,SHRI BHALAJI PHARMAC TRICHY
30/03/24,86954,33aaxfs5861n1z8,493.00,SRI LAKSHMI PHARMA
30/03/24,286728,33agmpb1605q1zf,1580.00,SARVA SREE SARADHAA
